Episodes,FirstPlayer,SecondPlayer,Wins,Draws,Losses,Invalids,MeanReward,PartialScore,Score,TrainEpisode,TrainTime,TrainStates,NewTestStates,TotalTestStates,NewEnvStates,EnvAgentStates,SumEnvStates,TestTime,TotalTestTime,alg,env_agent,train_episodes,eval_freq,obs_format,env_exploration_rate,n_envs,gamma,net_arch,filter_size,pad,r_win,r_draw,r_still_playing,r_lose,r_invalid,player_one_char,datetime,TotalTrainTime
,,,,,,,,,,,,,,,,,,,,,,,,,,,,,,,,,,,,,,
logs_server/logs,,,,,,,,,,,,,,,,,,,,,,,,,,,,,,,,,,,,,,
,,,,,,,,,,,,,,,,,,,,,,,,,,,,,,,,,,,,,,
,,,,,,,,,,,,,,,,,,,,,,,,,,,,,,,,,,,,,,
,,,,,,,,,,,,,,,,,,,,,,,,,,,,,,,,,,,,,,
logs_server/logs/1_DQN_Random_Raw_-47,,,,,,,,,,,,,,,,,,,,,,,,,,,,,,,,,,,,,,
,,,,,,,,,,,,,,,,,,,,,,,,,,,,,,,,,,,,,,
,,,,,,,,,,,,,,,,,,,,,,,,,,,,,,,,,,,,,,
2500.0,DQN,Random,45.48,17.48,20.24,16.8,0.55,0.38,-24.14,8000.0,0:08:00,3415.0,144.0,641.0,78.0,158.0,629.0,0:00:48,0:03:11,DQN,Random,40000.0,4000.0,RAW,0.0,1.0,1.0,"[16, 16]",0.0,0.0,2.0,1.0,0.0,-1.0,-2.0,-,2020-10-29T19:32:46,0:59:00
2500.0,Random,DQN,18.16,22.68,55.48,3.68,-0.04,-33.34,-24.14,8000.0,0:08:00,3415.0,91.0,732.0,72.0,311.0,629.0,0:00:40,0:03:11,DQN,Random,40000.0,4000.0,RAW,0.0,1.0,1.0,"[16, 16]",0.0,0.0,2.0,1.0,0.0,-1.0,-2.0,-,2020-10-29T19:32:46,0:59:00
2500.0,DQN,MinMax,0.0,66.6,33.4,0.0,0.33,33.2,-24.14,8000.0,0:08:00,3415.0,0.0,732.0,22.0,28.0,629.0,0:00:50,0:03:11,DQN,Random,40000.0,4000.0,RAW,0.0,1.0,1.0,"[16, 16]",0.0,0.0,2.0,1.0,0.0,-1.0,-2.0,-,2020-10-29T19:32:46,0:59:00
2500.0,MinMax,DQN,0.0,1.6,98.4,0.0,-0.97,-96.8,-24.14,8000.0,0:08:00,3415.0,0.0,732.0,59.0,132.0,629.0,0:00:34,0:03:11,DQN,Random,40000.0,4000.0,RAW,0.0,1.0,1.0,"[16, 16]",0.0,0.0,2.0,1.0,0.0,-1.0,-2.0,-,2020-10-29T19:32:46,0:59:00
500.0,DQN,DQN,46.6,0.0,53.4,0.0,0.4,,-24.14,8000.0,0:08:00,3415.0,0.0,732.0,0.0,732.0,629.0,0:00:17,0:03:11,DQN,Random,40000.0,4000.0,RAW,0.0,1.0,1.0,"[16, 16]",0.0,0.0,2.0,1.0,0.0,-1.0,-2.0,-,2020-10-29T19:32:46,0:59:00
,,,,,,,,,,,,,,,,,,,,,,,,,,,,,,,,,,,,,,
2500.0,DQN,Random,46.4,6.04,41.0,6.56,0.45,-4.7,-61.53,4000.0,0:02:19,2640.0,166.0,166.0,84.0,84.0,385.0,0:00:44,0:02:59,DQN,Random,40000.0,4000.0,RAW,0.0,1.0,1.0,"[16, 16]",0.0,0.0,2.0,1.0,0.0,-1.0,-2.0,-,2020-10-29T20:31:47,0:57:01
2500.0,Random,DQN,27.08,5.0,61.0,6.92,-0.16,-45.26,-61.53,4000.0,0:02:19,2640.0,322.0,488.0,197.0,197.0,385.0,0:00:39,0:02:59,DQN,Random,40000.0,4000.0,RAW,0.0,1.0,1.0,"[16, 16]",0.0,0.0,2.0,1.0,0.0,-1.0,-2.0,-,2020-10-29T20:31:47,0:57:01
2500.0,DQN,MinMax,0.0,0.0,100.0,0.0,-1.0,-100.0,-61.53,4000.0,0:02:19,2640.0,0.0,488.0,9.0,9.0,385.0,0:00:42,0:02:59,DQN,Random,40000.0,4000.0,RAW,0.0,1.0,1.0,"[16, 16]",0.0,0.0,2.0,1.0,0.0,-1.0,-2.0,-,2020-10-29T20:31:47,0:57:01
2500.0,MinMax,DQN,0.0,2.8,95.44,1.76,-0.96,-96.16,-61.53,4000.0,0:02:19,2640.0,0.0,488.0,95.0,95.0,385.0,0:00:39,0:02:59,DQN,Random,40000.0,4000.0,RAW,0.0,1.0,1.0,"[16, 16]",0.0,0.0,2.0,1.0,0.0,-1.0,-2.0,-,2020-10-29T20:31:47,0:57:01
500.0,DQN,DQN,27.4,0.0,26.4,46.2,-0.64,,-61.53,4000.0,0:02:19,2640.0,2.0,490.0,2.0,490.0,385.0,0:00:12,0:02:59,DQN,Random,40000.0,4000.0,RAW,0.0,1.0,1.0,"[16, 16]",0.0,0.0,2.0,1.0,0.0,-1.0,-2.0,-,2020-10-29T20:31:47,0:57:01
,,,,,,,,,,,,,,,,,,,,,,,,,,,,,,,,,,,,,,
2500.0,DQN,Random,61.36,7.72,30.92,0.0,1.0,34.3,-45.97,8000.0,0:07:48,3355.0,28.0,446.0,24.0,94.0,554.0,0:00:40,0:02:46,DQN,Random,40000.0,4000.0,RAW,0.0,1.0,1.0,"[16, 16]",0.0,0.0,2.0,1.0,0.0,-1.0,-2.0,-,2020-10-29T21:28:50,0:54:45
2500.0,Random,DQN,31.52,9.92,57.0,1.56,0.13,-23.64,-45.97,8000.0,0:07:48,3355.0,162.0,608.0,114.0,298.0,554.0,0:00:38,0:02:46,DQN,Random,40000.0,4000.0,RAW,0.0,1.0,1.0,"[16, 16]",0.0,0.0,2.0,1.0,0.0,-1.0,-2.0,-,2020-10-29T21:28:50,0:54:45
2500.0,DQN,MinMax,0.0,0.0,100.0,0.0,-1.0,-100.0,-45.97,8000.0,0:07:48,3355.0,0.0,608.0,4.0,25.0,554.0,0:00:44,0:02:46,DQN,Random,40000.0,4000.0,RAW,0.0,1.0,1.0,"[16, 16]",0.0,0.0,2.0,1.0,0.0,-1.0,-2.0,-,2020-10-29T21:28:50,0:54:45
2500.0,MinMax,DQN,0.0,3.64,94.56,1.8,-0.95,-94.52,-45.97,8000.0,0:07:48,3355.0,0.0,608.0,46.0,137.0,554.0,0:00:33,0:02:46,DQN,Random,40000.0,4000.0,RAW,0.0,1.0,1.0,"[16, 16]",0.0,0.0,2.0,1.0,0.0,-1.0,-2.0,-,2020-10-29T21:28:50,0:54:45
500.0,DQN,DQN,49.6,0.0,50.4,0.0,0.49,,-45.97,8000.0,0:07:48,3355.0,0.0,608.0,0.0,608.0,554.0,0:00:09,0:02:46,DQN,Random,40000.0,4000.0,RAW,0.0,1.0,1.0,"[16, 16]",0.0,0.0,2.0,1.0,0.0,-1.0,-2.0,-,2020-10-29T21:28:50,0:54:45
,,,,,,,,,,,,,,,,,,,,,,,,,,,,,,,,,,,,,,
2500.0,DQN,Random,66.16,11.4,21.6,0.84,1.2,48.58,-23.16,8000.0,0:07:54,3404.0,114.0,531.0,62.0,129.0,589.0,0:00:45,0:03:00,DQN,Random,40000.0,4000.0,RAW,0.0,1.0,1.0,"[16, 16]",0.0,0.0,2.0,1.0,0.0,-1.0,-2.0,-,2020-10-29T22:23:36,0:56:37
2500.0,Random,DQN,27.04,23.96,47.12,1.88,0.27,-11.86,-23.16,8000.0,0:07:54,3404.0,166.0,697.0,129.0,306.0,589.0,0:00:40,0:03:00,DQN,Random,40000.0,4000.0,RAW,0.0,1.0,1.0,"[16, 16]",0.0,0.0,2.0,1.0,0.0,-1.0,-2.0,-,2020-10-29T22:23:36,0:56:37
2500.0,DQN,MinMax,0.0,24.8,75.2,0.0,-0.5,-50.4,-23.16,8000.0,0:07:54,3404.0,0.0,697.0,10.0,14.0,589.0,0:00:46,0:03:00,DQN,Random,40000.0,4000.0,RAW,0.0,1.0,1.0,"[16, 16]",0.0,0.0,2.0,1.0,0.0,-1.0,-2.0,-,2020-10-29T22:23:36,0:56:37
2500.0,MinMax,DQN,0.0,10.52,89.48,0.0,-0.79,-78.96,-23.16,8000.0,0:07:54,3404.0,0.0,697.0,76.0,140.0,589.0,0:00:34,0:03:00,DQN,Random,40000.0,4000.0,RAW,0.0,1.0,1.0,"[16, 16]",0.0,0.0,2.0,1.0,0.0,-1.0,-2.0,-,2020-10-29T22:23:36,0:56:37
500.0,DQN,DQN,33.6,0.0,14.0,52.4,-0.52,,-23.16,8000.0,0:07:54,3404.0,0.0,697.0,0.0,697.0,589.0,0:00:12,0:03:00,DQN,Random,40000.0,4000.0,RAW,0.0,1.0,1.0,"[16, 16]",0.0,0.0,2.0,1.0,0.0,-1.0,-2.0,-,2020-10-29T22:23:36,0:56:37
,,,,,,,,,,,,,,,,,,,,,,,,,,,,,,,,,,,,,,
2500.0,DQN,Random,29.04,12.16,25.08,33.72,-0.22,-57.4,-81.05,4000.0,0:02:18,2618.0,145.0,145.0,84.0,84.0,347.0,0:00:47,0:03:03,DQN,Random,40000.0,4000.0,RAW,0.0,1.0,1.0,"[16, 16]",0.0,0.0,2.0,1.0,0.0,-1.0,-2.0,-,2020-10-29T23:20:15,0:54:56
2500.0,Random,DQN,7.44,21.6,54.4,16.56,-0.51,-69.28,-81.05,4000.0,0:02:18,2618.0,261.0,406.0,177.0,177.0,347.0,0:00:40,0:03:03,DQN,Random,40000.0,4000.0,RAW,0.0,1.0,1.0,"[16, 16]",0.0,0.0,2.0,1.0,0.0,-1.0,-2.0,-,2020-10-29T23:20:15,0:54:56
2500.0,DQN,MinMax,0.0,7.96,76.88,15.16,-0.99,-99.24,-81.05,4000.0,0:02:18,2618.0,0.0,406.0,10.0,10.0,347.0,0:00:41,0:03:03,DQN,Random,40000.0,4000.0,RAW,0.0,1.0,1.0,"[16, 16]",0.0,0.0,2.0,1.0,0.0,-1.0,-2.0,-,2020-10-29T23:20:15,0:54:56
2500.0,MinMax,DQN,0.0,2.32,94.76,2.92,-0.98,-98.28,-81.05,4000.0,0:02:18,2618.0,1.0,407.0,76.0,76.0,347.0,0:00:39,0:03:03,DQN,Random,40000.0,4000.0,RAW,0.0,1.0,1.0,"[16, 16]",0.0,0.0,2.0,1.0,0.0,-1.0,-2.0,-,2020-10-29T23:20:15,0:54:56
500.0,DQN,DQN,0.0,0.0,23.4,76.6,-1.77,,-81.05,4000.0,0:02:18,2618.0,0.0,407.0,0.0,407.0,347.0,0:00:15,0:03:03,DQN,Random,40000.0,4000.0,RAW,0.0,1.0,1.0,"[16, 16]",0.0,0.0,2.0,1.0,0.0,-1.0,-2.0,-,2020-10-29T23:20:15,0:54:56
,,,,,,,,,,,,,,,,,,,,,,,,,,,,,,,,,,,,,,
,,,,,,,,,-47.17,492.47299999999996,,,,,,,,,,,,,,,,,,,,,,,,,,,,
,,,,,,,,,,,,,,,,,,,,,,,,,,,,,,,,,,,,,,
,,,,,,,,,,,,,,,,,,,,,,,,,,,,,,,,,,,,,,
logs_server/logs/2_DQN_Random_16OneHot_21,,,,,,,,,,,,,,,,,,,,,,,,,,,,,,,,,,,,,,
,,,,,,,,,,,,,,,,,,,,,,,,,,,,,,,,,,,,,,
,,,,,,,,,,,,,,,,,,,,,,,,,,,,,,,,,,,,,,
2500.0,DQN,Random,95.36,3.16,1.48,0.0,1.92,95.46,30.52,28000.0,0:35:59,3663.0,72.0,883.0,26.0,155.0,872.0,0:00:38,0:03:01,DQN,Random,40000.0,4000.0,ONE_HOT,0.0,1.0,1.0,"[16, 16]",0.0,0.0,2.0,1.0,0.0,-1.0,-2.0,-,2020-10-29T13:43:02,0:55:42
2500.0,Random,DQN,83.12,1.52,15.36,0.0,1.52,68.52,30.52,28000.0,0:35:59,3663.0,28.0,911.0,34.0,380.0,872.0,0:00:36,0:03:01,DQN,Random,40000.0,4000.0,ONE_HOT,0.0,1.0,1.0,"[16, 16]",0.0,0.0,2.0,1.0,0.0,-1.0,-2.0,-,2020-10-29T13:43:02,0:55:42
2500.0,DQN,MinMax,0.0,68.84,31.16,0.0,0.38,37.68,30.52,28000.0,0:35:59,3663.0,0.0,911.0,15.0,62.0,872.0,0:00:58,0:03:01,DQN,Random,40000.0,4000.0,ONE_HOT,0.0,1.0,1.0,"[16, 16]",0.0,0.0,2.0,1.0,0.0,-1.0,-2.0,-,2020-10-29T13:43:02,0:55:42
2500.0,MinMax,DQN,0.0,10.2,89.8,0.0,-0.8,-79.6,30.52,28000.0,0:35:59,3663.0,0.0,911.0,22.0,275.0,872.0,0:00:36,0:03:01,DQN,Random,40000.0,4000.0,ONE_HOT,0.0,1.0,1.0,"[16, 16]",0.0,0.0,2.0,1.0,0.0,-1.0,-2.0,-,2020-10-29T13:43:02,0:55:42
500.0,DQN,DQN,52.2,0.0,47.8,0.0,0.57,,30.52,28000.0,0:35:59,3663.0,0.0,911.0,0.0,911.0,872.0,0:00:10,0:03:01,DQN,Random,40000.0,4000.0,ONE_HOT,0.0,1.0,1.0,"[16, 16]",0.0,0.0,2.0,1.0,0.0,-1.0,-2.0,-,2020-10-29T13:43:02,0:55:42
,,,,,,,,,,,,,,,,,,,,,,,,,,,,,,,,,,,,,,
2500.0,DQN,Random,95.72,2.16,2.12,0.0,1.91,94.68,22.81,24000.0,0:30:28,3762.0,27.0,886.0,13.0,121.0,818.0,0:00:38,0:02:59,DQN,Random,40000.0,4000.0,ONE_HOT,0.0,1.0,1.0,"[16, 16]",0.0,0.0,2.0,1.0,0.0,-1.0,-2.0,-,2020-10-29T14:38:45,0:55:35
2500.0,Random,DQN,79.32,5.44,15.24,0.0,1.49,66.8,22.81,24000.0,0:30:28,3762.0,39.0,925.0,32.0,392.0,818.0,0:00:37,0:02:59,DQN,Random,40000.0,4000.0,ONE_HOT,0.0,1.0,1.0,"[16, 16]",0.0,0.0,2.0,1.0,0.0,-1.0,-2.0,-,2020-10-29T14:38:45,0:55:35
2500.0,DQN,MinMax,0.0,48.96,51.04,0.0,-0.02,-2.08,22.81,24000.0,0:30:28,3762.0,0.0,925.0,5.0,30.0,818.0,0:00:51,0:02:59,DQN,Random,40000.0,4000.0,ONE_HOT,0.0,1.0,1.0,"[16, 16]",0.0,0.0,2.0,1.0,0.0,-1.0,-2.0,-,2020-10-29T14:38:45,0:55:35
2500.0,MinMax,DQN,0.0,15.92,84.08,0.0,-0.68,-68.16,22.81,24000.0,0:30:28,3762.0,0.0,925.0,25.0,275.0,818.0,0:00:37,0:02:59,DQN,Random,40000.0,4000.0,ONE_HOT,0.0,1.0,1.0,"[16, 16]",0.0,0.0,2.0,1.0,0.0,-1.0,-2.0,-,2020-10-29T14:38:45,0:55:35
500.0,DQN,DQN,48.8,0.0,51.2,0.0,0.46,,22.81,24000.0,0:30:28,3762.0,0.0,925.0,0.0,925.0,818.0,0:00:15,0:02:59,DQN,Random,40000.0,4000.0,ONE_HOT,0.0,1.0,1.0,"[16, 16]",0.0,0.0,2.0,1.0,0.0,-1.0,-2.0,-,2020-10-29T14:38:45,0:55:35
,,,,,,,,,,,,,,,,,,,,,,,,,,,,,,,,,,,,,,
2500.0,DQN,Random,97.68,1.28,1.04,0.0,1.96,97.28,18.4,36000.0,0:45:51,3958.0,66.0,1276.0,22.0,204.0,1216.0,0:00:36,0:02:46,DQN,Random,40000.0,4000.0,ONE_HOT,0.0,1.0,1.0,"[16, 16]",0.0,0.0,2.0,1.0,0.0,-1.0,-2.0,-,2020-10-29T15:34:21,0:53:53
2500.0,Random,DQN,79.68,1.84,18.44,0.04,1.43,62.08,18.4,36000.0,0:45:51,3958.0,47.0,1323.0,34.0,564.0,1216.0,0:00:36,0:02:46,DQN,Random,40000.0,4000.0,ONE_HOT,0.0,1.0,1.0,"[16, 16]",0.0,0.0,2.0,1.0,0.0,-1.0,-2.0,-,2020-10-29T15:34:21,0:53:53
2500.0,DQN,MinMax,0.0,49.64,50.36,0.0,-0.01,-0.72,18.4,36000.0,0:45:51,3958.0,0.0,1323.0,11.0,86.0,1216.0,0:00:50,0:02:46,DQN,Random,40000.0,4000.0,ONE_HOT,0.0,1.0,1.0,"[16, 16]",0.0,0.0,2.0,1.0,0.0,-1.0,-2.0,-,2020-10-29T15:34:21,0:53:53
2500.0,MinMax,DQN,0.0,7.48,92.52,0.0,-0.85,-85.04,18.4,36000.0,0:45:51,3958.0,1.0,1324.0,26.0,362.0,1216.0,0:00:33,0:02:46,DQN,Random,40000.0,4000.0,ONE_HOT,0.0,1.0,1.0,"[16, 16]",0.0,0.0,2.0,1.0,0.0,-1.0,-2.0,-,2020-10-29T15:34:21,0:53:53
500.0,DQN,DQN,52.6,0.0,47.4,0.0,0.58,,18.4,36000.0,0:45:51,3958.0,0.0,1324.0,0.0,1324.0,1216.0,0:00:09,0:02:46,DQN,Random,40000.0,4000.0,ONE_HOT,0.0,1.0,1.0,"[16, 16]",0.0,0.0,2.0,1.0,0.0,-1.0,-2.0,-,2020-10-29T15:34:21,0:53:53
,,,,,,,,,,,,,,,,,,,,,,,,,,,,,,,,,,,,,,
2500.0,DQN,Random,97.4,0.8,1.44,0.36,1.93,95.64,7.73,32000.0,0:40:08,3896.0,23.0,1210.0,7.0,177.0,1033.0,0:00:36,0:02:49,DQN,Random,40000.0,4000.0,ONE_HOT,0.0,1.0,1.0,"[16, 16]",0.0,0.0,2.0,1.0,0.0,-1.0,-2.0,-,2020-10-29T16:28:16,0:53:42
2500.0,Random,DQN,79.28,3.28,17.32,0.12,1.44,63.36,7.73,32000.0,0:40:08,3896.0,20.0,1230.0,20.0,493.0,1033.0,0:00:36,0:02:49,DQN,Random,40000.0,4000.0,ONE_HOT,0.0,1.0,1.0,"[16, 16]",0.0,0.0,2.0,1.0,0.0,-1.0,-2.0,-,2020-10-29T16:28:16,0:53:42
2500.0,DQN,MinMax,0.0,24.6,75.4,0.0,-0.51,-50.8,7.73,32000.0,0:40:08,3896.0,0.0,1230.0,2.0,53.0,1033.0,0:00:45,0:02:49,DQN,Random,40000.0,4000.0,ONE_HOT,0.0,1.0,1.0,"[16, 16]",0.0,0.0,2.0,1.0,0.0,-1.0,-2.0,-,2020-10-29T16:28:16,0:53:42
2500.0,MinMax,DQN,0.0,11.36,88.64,0.0,-0.77,-77.28,7.73,32000.0,0:40:08,3896.0,1.0,1231.0,18.0,310.0,1033.0,0:00:35,0:02:49,DQN,Random,40000.0,4000.0,ONE_HOT,0.0,1.0,1.0,"[16, 16]",0.0,0.0,2.0,1.0,0.0,-1.0,-2.0,-,2020-10-29T16:28:16,0:53:42
500.0,DQN,DQN,50.8,0.0,49.2,0.0,0.52,,7.73,32000.0,0:40:08,3896.0,0.0,1231.0,0.0,1231.0,1033.0,0:00:14,0:02:49,DQN,Random,40000.0,4000.0,ONE_HOT,0.0,1.0,1.0,"[16, 16]",0.0,0.0,2.0,1.0,0.0,-1.0,-2.0,-,2020-10-29T16:28:16,0:53:42
,,,,,,,,,,,,,,,,,,,,,,,,,,,,,,,,,,,,,,
2500.0,DQN,Random,94.72,2.36,2.92,0.0,1.89,92.98,26.52,36000.0,0:45:11,3937.0,22.0,1284.0,10.0,203.0,1132.0,0:00:36,0:02:41,DQN,Random,40000.0,4000.0,ONE_HOT,0.0,1.0,1.0,"[16, 16]",0.0,0.0,2.0,1.0,0.0,-1.0,-2.0,-,2020-10-29T17:21:59,0:53:09
2500.0,Random,DQN,81.16,4.72,14.12,0.0,1.53,69.4,26.52,36000.0,0:45:11,3937.0,21.0,1305.0,21.0,530.0,1132.0,0:00:36,0:02:41,DQN,Random,40000.0,4000.0,ONE_HOT,0.0,1.0,1.0,"[16, 16]",0.0,0.0,2.0,1.0,0.0,-1.0,-2.0,-,2020-10-29T17:21:59,0:53:09
2500.0,DQN,MinMax,0.0,49.64,50.36,0.0,-0.01,-0.72,26.52,36000.0,0:45:11,3937.0,0.0,1305.0,7.0,45.0,1132.0,0:00:44,0:02:41,DQN,Random,40000.0,4000.0,ONE_HOT,0.0,1.0,1.0,"[16, 16]",0.0,0.0,2.0,1.0,0.0,-1.0,-2.0,-,2020-10-29T17:21:59,0:53:09
2500.0,MinMax,DQN,0.0,22.2,77.8,0.0,-0.56,-55.6,26.52,36000.0,0:45:11,3937.0,0.0,1305.0,26.0,354.0,1132.0,0:00:34,0:02:41,DQN,Random,40000.0,4000.0,ONE_HOT,0.0,1.0,1.0,"[16, 16]",0.0,0.0,2.0,1.0,0.0,-1.0,-2.0,-,2020-10-29T17:21:59,0:53:09
500.0,DQN,DQN,51.4,0.0,48.6,0.0,0.54,,26.52,36000.0,0:45:11,3937.0,0.0,1305.0,0.0,1305.0,1132.0,0:00:09,0:02:41,DQN,Random,40000.0,4000.0,ONE_HOT,0.0,1.0,1.0,"[16, 16]",0.0,0.0,2.0,1.0,0.0,-1.0,-2.0,-,2020-10-29T17:21:59,0:53:09
,,,,,,,,,,,,,,,,,,,,,,,,,,,,,,,,,,,,,,
,,,,,,,,,21.195999999999998,61.407543999999994,,,,,,,,,,,,,,,,,,,,,,,,,,,,
,,,,,,,,,,,,,,,,,,,,,,,,,,,,,,,,,,,,,,
,,,,,,,,,,,,,,,,,,,,,,,,,,,,,,,,,,,,,,
logs_server/logs/3_DQN_Random_32OneHot_43,,,,,,,,,,,,,,,,,,,,,,,,,,,,,,,,,,,,,,
,,,,,,,,,,,,,,,,,,,,,,,,,,,,,,,,,,,,,,
,,,,,,,,,,,,,,,,,,,,,,,,,,,,,,,,,,,,,,
2500.0,DQN,Random,96.68,1.56,1.76,0.0,1.93,95.7,55.23,36000.0,0:48:53,3900.0,26.0,1237.0,14.0,172.0,1173.0,0:00:40,0:03:04,DQN,Random,40000.0,4000.0,ONE_HOT,0.0,1.0,1.0,"[32, 32]",0.0,0.0,2.0,1.0,0.0,-1.0,-2.0,-,2020-10-29T09:00:57,0:57:47
2500.0,Random,DQN,87.04,3.84,9.12,0.0,1.69,79.84,55.23,36000.0,0:48:53,3900.0,12.0,1249.0,19.0,542.0,1173.0,0:00:37,0:03:04,DQN,Random,40000.0,4000.0,ONE_HOT,0.0,1.0,1.0,"[32, 32]",0.0,0.0,2.0,1.0,0.0,-1.0,-2.0,-,2020-10-29T09:00:57,0:57:47
2500.0,DQN,MinMax,0.0,77.12,22.88,0.0,0.54,54.24,55.23,36000.0,0:48:53,3900.0,0.0,1249.0,4.0,62.0,1173.0,0:00:54,0:03:04,DQN,Random,40000.0,4000.0,ONE_HOT,0.0,1.0,1.0,"[32, 32]",0.0,0.0,2.0,1.0,0.0,-1.0,-2.0,-,2020-10-29T09:00:57,0:57:47
2500.0,MinMax,DQN,0.0,45.56,54.44,0.0,-0.09,-8.88,55.23,36000.0,0:48:53,3900.0,0.0,1249.0,14.0,397.0,1173.0,0:00:41,0:03:04,DQN,Random,40000.0,4000.0,ONE_HOT,0.0,1.0,1.0,"[32, 32]",0.0,0.0,2.0,1.0,0.0,-1.0,-2.0,-,2020-10-29T09:00:57,0:57:47
500.0,DQN,DQN,44.8,0.0,55.2,0.0,0.34,,55.23,36000.0,0:48:53,3900.0,0.0,1249.0,0.0,1249.0,1173.0,0:00:10,0:03:04,DQN,Random,40000.0,4000.0,ONE_HOT,0.0,1.0,1.0,"[32, 32]",0.0,0.0,2.0,1.0,0.0,-1.0,-2.0,-,2020-10-29T09:00:57,0:57:47
,,,,,,,,,,,,,,,,,,,,,,,,,,,,,,,,,,,,,,
2500.0,DQN,Random,97.76,1.2,1.04,0.0,1.96,97.32,46.13,36000.0,0:47:40,3904.0,33.0,1310.0,12.0,198.0,1128.0,0:00:37,0:03:09,DQN,Random,40000.0,4000.0,ONE_HOT,0.0,1.0,1.0,"[32, 32]",0.0,0.0,2.0,1.0,0.0,-1.0,-2.0,-,2020-10-29T09:58:46,0:56:30
2500.0,Random,DQN,87.12,3.84,9.04,0.0,1.69,80.0,46.13,36000.0,0:47:40,3904.0,19.0,1329.0,17.0,516.0,1128.0,0:00:37,0:03:09,DQN,Random,40000.0,4000.0,ONE_HOT,0.0,1.0,1.0,"[32, 32]",0.0,0.0,2.0,1.0,0.0,-1.0,-2.0,-,2020-10-29T09:58:46,0:56:30
2500.0,DQN,MinMax,0.0,74.44,25.56,0.0,0.49,48.88,46.13,36000.0,0:47:40,3904.0,0.0,1329.0,6.0,57.0,1128.0,0:00:53,0:03:09,DQN,Random,40000.0,4000.0,ONE_HOT,0.0,1.0,1.0,"[32, 32]",0.0,0.0,2.0,1.0,0.0,-1.0,-2.0,-,2020-10-29T09:58:46,0:56:30
2500.0,MinMax,DQN,0.0,29.16,70.84,0.0,-0.42,-41.68,46.13,36000.0,0:47:40,3904.0,0.0,1329.0,16.0,357.0,1128.0,0:00:40,0:03:09,DQN,Random,40000.0,4000.0,ONE_HOT,0.0,1.0,1.0,"[32, 32]",0.0,0.0,2.0,1.0,0.0,-1.0,-2.0,-,2020-10-29T09:58:46,0:56:30
500.0,DQN,DQN,0.0,100.0,0.0,0.0,1.0,,46.13,36000.0,0:47:40,3904.0,0.0,1329.0,0.0,1329.0,1128.0,0:00:19,0:03:09,DQN,Random,40000.0,4000.0,ONE_HOT,0.0,1.0,1.0,"[32, 32]",0.0,0.0,2.0,1.0,0.0,-1.0,-2.0,-,2020-10-29T09:58:46,0:56:30
,,,,,,,,,,,,,,,,,,,,,,,,,,,,,,,,,,,,,,
2500.0,DQN,Random,98.44,0.36,1.2,0.0,1.96,97.42,32.66,32000.0,0:41:33,3946.0,41.0,1450.0,15.0,216.0,1219.0,0:00:37,0:02:55,DQN,Random,40000.0,4000.0,ONE_HOT,0.0,1.0,1.0,"[32, 32]",0.0,0.0,2.0,1.0,0.0,-1.0,-2.0,-,2020-10-29T10:55:17,0:55:32
2500.0,Random,DQN,85.88,4.08,10.04,0.0,1.66,77.88,32.66,32000.0,0:41:33,3946.0,34.0,1484.0,28.0,587.0,1219.0,0:00:37,0:02:55,DQN,Random,40000.0,4000.0,ONE_HOT,0.0,1.0,1.0,"[32, 32]",0.0,0.0,2.0,1.0,0.0,-1.0,-2.0,-,2020-10-29T10:55:17,0:55:32
2500.0,DQN,MinMax,0.0,49.08,50.92,0.0,-0.02,-1.84,32.66,32000.0,0:41:33,3946.0,0.0,1484.0,9.0,63.0,1219.0,0:00:49,0:02:55,DQN,Random,40000.0,4000.0,ONE_HOT,0.0,1.0,1.0,"[32, 32]",0.0,0.0,2.0,1.0,0.0,-1.0,-2.0,-,2020-10-29T10:55:17,0:55:32
2500.0,MinMax,DQN,0.0,28.6,71.4,0.0,-0.43,-42.8,32.66,32000.0,0:41:33,3946.0,0.0,1484.0,24.0,353.0,1219.0,0:00:39,0:02:55,DQN,Random,40000.0,4000.0,ONE_HOT,0.0,1.0,1.0,"[32, 32]",0.0,0.0,2.0,1.0,0.0,-1.0,-2.0,-,2020-10-29T10:55:17,0:55:32
500.0,DQN,DQN,48.2,0.0,51.8,0.0,0.45,,32.66,32000.0,0:41:33,3946.0,0.0,1484.0,0.0,1484.0,1219.0,0:00:10,0:02:55,DQN,Random,40000.0,4000.0,ONE_HOT,0.0,1.0,1.0,"[32, 32]",0.0,0.0,2.0,1.0,0.0,-1.0,-2.0,-,2020-10-29T10:55:17,0:55:32
,,,,,,,,,,,,,,,,,,,,,,,,,,,,,,,,,,,,,,
2500.0,DQN,Random,97.8,2.0,0.2,0.0,1.97,98.6,61.54,16000.0,0:19:15,3568.0,38.0,817.0,18.0,107.0,717.0,0:00:37,0:03:07,DQN,Random,40000.0,4000.0,ONE_HOT,0.0,1.0,1.0,"[32, 32]",0.0,0.0,2.0,1.0,0.0,-1.0,-2.0,-,2020-10-29T11:50:51,0:56:34
2500.0,Random,DQN,82.68,5.96,11.36,0.0,1.6,74.3,61.54,16000.0,0:19:15,3568.0,20.0,837.0,31.0,335.0,717.0,0:00:37,0:03:07,DQN,Random,40000.0,4000.0,ONE_HOT,0.0,1.0,1.0,"[32, 32]",0.0,0.0,2.0,1.0,0.0,-1.0,-2.0,-,2020-10-29T11:50:51,0:56:34
2500.0,DQN,MinMax,0.0,100.0,0.0,0.0,1.0,100.0,61.54,16000.0,0:19:15,3568.0,0.0,837.0,11.0,39.0,717.0,0:00:59,0:03:07,DQN,Random,40000.0,4000.0,ONE_HOT,0.0,1.0,1.0,"[32, 32]",0.0,0.0,2.0,1.0,0.0,-1.0,-2.0,-,2020-10-29T11:50:51,0:56:34
2500.0,MinMax,DQN,0.0,36.64,63.36,0.0,-0.27,-26.72,61.54,16000.0,0:19:15,3568.0,0.0,837.0,31.0,236.0,717.0,0:00:42,0:03:07,DQN,Random,40000.0,4000.0,ONE_HOT,0.0,1.0,1.0,"[32, 32]",0.0,0.0,2.0,1.0,0.0,-1.0,-2.0,-,2020-10-29T11:50:51,0:56:34
500.0,DQN,DQN,46.8,0.0,53.2,0.0,0.4,,61.54,16000.0,0:19:15,3568.0,0.0,837.0,0.0,837.0,717.0,0:00:10,0:03:07,DQN,Random,40000.0,4000.0,ONE_HOT,0.0,1.0,1.0,"[32, 32]",0.0,0.0,2.0,1.0,0.0,-1.0,-2.0,-,2020-10-29T11:50:51,0:56:34
,,,,,,,,,,,,,,,,,,,,,,,,,,,,,,,,,,,,,,
2500.0,DQN,Random,91.8,3.36,4.84,0.0,1.82,88.64,21.9,32000.0,0:41:17,3922.0,123.0,1230.0,41.0,182.0,982.0,0:00:42,0:03:01,DQN,Random,40000.0,4000.0,ONE_HOT,0.0,1.0,1.0,"[32, 32]",0.0,0.0,2.0,1.0,0.0,-1.0,-2.0,-,2020-10-29T12:47:27,0:55:34
2500.0,Random,DQN,85.76,3.72,10.52,0.0,1.65,77.1,21.9,32000.0,0:41:17,3922.0,11.0,1241.0,17.0,466.0,982.0,0:00:36,0:03:01,DQN,Random,40000.0,4000.0,ONE_HOT,0.0,1.0,1.0,"[32, 32]",0.0,0.0,2.0,1.0,0.0,-1.0,-2.0,-,2020-10-29T12:47:27,0:55:34
2500.0,DQN,MinMax,0.0,47.16,52.84,0.0,-0.06,-5.68,21.9,32000.0,0:41:17,3922.0,0.0,1241.0,14.0,38.0,982.0,0:00:51,0:03:01,DQN,Random,40000.0,4000.0,ONE_HOT,0.0,1.0,1.0,"[32, 32]",0.0,0.0,2.0,1.0,0.0,-1.0,-2.0,-,2020-10-29T12:47:27,0:55:34
2500.0,MinMax,DQN,0.0,13.76,86.24,0.0,-0.72,-72.48,21.9,32000.0,0:41:17,3922.0,0.0,1241.0,20.0,296.0,982.0,0:00:38,0:03:01,DQN,Random,40000.0,4000.0,ONE_HOT,0.0,1.0,1.0,"[32, 32]",0.0,0.0,2.0,1.0,0.0,-1.0,-2.0,-,2020-10-29T12:47:27,0:55:34
500.0,DQN,DQN,49.4,0.0,50.6,0.0,0.48,,21.9,32000.0,0:41:17,3922.0,0.0,1241.0,0.0,1241.0,982.0,0:00:10,0:03:01,DQN,Random,40000.0,4000.0,ONE_HOT,0.0,1.0,1.0,"[32, 32]",0.0,0.0,2.0,1.0,0.0,-1.0,-2.0,-,2020-10-29T12:47:27,0:55:34
,,,,,,,,,,,,,,,,,,,,,,,,,,,,,,,,,,,,,,
,,,,,,,,,43.492,210.803336,,,,,,,,,,,,,,,,,,,,,,,,,,,,
,,,,,,,,,,,,,,,,,,,,,,,,,,,,,,,,,,,,,,
,,,,,,,,,,,,,,,,,,,,,,,,,,,,,,,,,,,,,,
logs_server/logs/4_DQN_Random_DDDQNPER_76,,,,,,,,,,,,,,,,,,,,,,,,,,,,,,,,,,,,,,
,,,,,,,,,,,,,,,,,,,,,,,,,,,,,,,,,,,,,,
,,,,,,,,,,,,,,,,,,,,,,,,,,,,,,,,,,,,,,
2500.0,DQN,Random,98.92,0.84,0.24,0.0,1.98,99.1,76.23,40000.0,1:17:22,4087.0,18.0,1719.0,8.0,261.0,1350.0,0:00:46,0:04:01,DQN,Random,40000.0,4000.0,ONE_HOT,0.0,1.0,1.0,"[32, 32]",0.0,0.0,2.0,1.0,0.0,-1.0,-2.0,-,2020-10-30T13:47:41,1:21:24
2500.0,Random,DQN,91.2,5.32,3.48,0.0,1.84,90.38,76.23,40000.0,1:17:22,4087.0,18.0,1737.0,14.0,631.0,1350.0,0:00:46,0:04:01,DQN,Random,40000.0,4000.0,ONE_HOT,0.0,1.0,1.0,"[32, 32]",0.0,0.0,2.0,1.0,0.0,-1.0,-2.0,-,2020-10-30T13:47:41,1:21:24
2500.0,DQN,MinMax,0.0,100.0,0.0,0.0,1.0,100.0,76.23,40000.0,1:17:22,4087.0,0.0,1737.0,1.0,45.0,1350.0,0:01:12,0:04:01,DQN,Random,40000.0,4000.0,ONE_HOT,0.0,1.0,1.0,"[32, 32]",0.0,0.0,2.0,1.0,0.0,-1.0,-2.0,-,2020-10-30T13:47:41,1:21:24
2500.0,MinMax,DQN,0.0,57.72,42.28,0.0,0.15,15.44,76.23,40000.0,1:17:22,4087.0,0.0,1737.0,12.0,413.0,1350.0,0:00:52,0:04:01,DQN,Random,40000.0,4000.0,ONE_HOT,0.0,1.0,1.0,"[32, 32]",0.0,0.0,2.0,1.0,0.0,-1.0,-2.0,-,2020-10-30T13:47:41,1:21:24
500.0,DQN,DQN,0.0,100.0,0.0,0.0,1.0,,76.23,40000.0,1:17:22,4087.0,0.0,1737.0,0.0,1737.0,1350.0,0:00:23,0:04:01,DQN,Random,40000.0,4000.0,ONE_HOT,0.0,1.0,1.0,"[32, 32]",0.0,0.0,2.0,1.0,0.0,-1.0,-2.0,-,2020-10-30T13:47:41,1:21:24
,,,,,,,,,,,,,,,,,,,,,,,,,,,,,,,,,,,,,,
2500.0,DQN,Random,94.84,2.16,3.0,0.0,1.89,92.92,84.42,40000.0,1:17:43,4053.0,32.0,1689.0,21.0,258.0,1264.0,0:00:52,0:04:13,DQN,Random,40000.0,4000.0,ONE_HOT,0.0,1.0,1.0,"[32, 32]",0.0,0.0,2.0,1.0,0.0,-1.0,-2.0,-,2020-10-30T15:09:07,1:21:56
2500.0,Random,DQN,93.08,5.36,1.56,0.0,1.9,94.2,84.42,40000.0,1:17:43,4053.0,7.0,1696.0,9.0,571.0,1264.0,0:00:46,0:04:13,DQN,Random,40000.0,4000.0,ONE_HOT,0.0,1.0,1.0,"[32, 32]",0.0,0.0,2.0,1.0,0.0,-1.0,-2.0,-,2020-10-30T15:09:07,1:21:56
2500.0,DQN,MinMax,0.0,100.0,0.0,0.0,1.0,100.0,84.42,40000.0,1:17:43,4053.0,0.0,1696.0,0.0,79.0,1264.0,0:01:12,0:04:13,DQN,Random,40000.0,4000.0,ONE_HOT,0.0,1.0,1.0,"[32, 32]",0.0,0.0,2.0,1.0,0.0,-1.0,-2.0,-,2020-10-30T15:09:07,1:21:56
2500.0,MinMax,DQN,0.0,75.28,24.72,0.0,0.51,50.56,84.42,40000.0,1:17:43,4053.0,0.0,1696.0,6.0,356.0,1264.0,0:00:56,0:04:13,DQN,Random,40000.0,4000.0,ONE_HOT,0.0,1.0,1.0,"[32, 32]",0.0,0.0,2.0,1.0,0.0,-1.0,-2.0,-,2020-10-30T15:09:07,1:21:56
500.0,DQN,DQN,0.0,100.0,0.0,0.0,1.0,,84.42,40000.0,1:17:43,4053.0,0.0,1696.0,0.0,1696.0,1264.0,0:00:24,0:04:13,DQN,Random,40000.0,4000.0,ONE_HOT,0.0,1.0,1.0,"[32, 32]",0.0,0.0,2.0,1.0,0.0,-1.0,-2.0,-,2020-10-30T15:09:07,1:21:56
,,,,,,,,,,,,,,,,,,,,,,,,,,,,,,,,,,,,,,
2500.0,DQN,Random,97.84,0.84,1.32,0.0,1.95,96.94,73.6,40000.0,1:17:52,4015.0,53.0,1686.0,22.0,256.0,1257.0,0:00:46,0:04:01,DQN,Random,40000.0,4000.0,ONE_HOT,0.0,1.0,1.0,"[32, 32]",0.0,0.0,2.0,1.0,0.0,-1.0,-2.0,-,2020-10-30T16:31:05,1:21:54
2500.0,Random,DQN,89.68,6.48,3.84,0.0,1.82,89.08,73.6,40000.0,1:17:52,4015.0,35.0,1721.0,30.0,622.0,1257.0,0:00:45,0:04:01,DQN,Random,40000.0,4000.0,ONE_HOT,0.0,1.0,1.0,"[32, 32]",0.0,0.0,2.0,1.0,0.0,-1.0,-2.0,-,2020-10-30T16:31:05,1:21:54
2500.0,DQN,MinMax,0.0,100.0,0.0,0.0,1.0,100.0,73.6,40000.0,1:17:52,4015.0,0.0,1721.0,3.0,31.0,1257.0,0:01:11,0:04:01,DQN,Random,40000.0,4000.0,ONE_HOT,0.0,1.0,1.0,"[32, 32]",0.0,0.0,2.0,1.0,0.0,-1.0,-2.0,-,2020-10-30T16:31:05,1:21:54
2500.0,MinMax,DQN,0.0,54.2,45.8,0.0,0.08,8.4,73.6,40000.0,1:17:52,4015.0,0.0,1721.0,27.0,348.0,1257.0,0:00:53,0:04:01,DQN,Random,40000.0,4000.0,ONE_HOT,0.0,1.0,1.0,"[32, 32]",0.0,0.0,2.0,1.0,0.0,-1.0,-2.0,-,2020-10-30T16:31:05,1:21:54
500.0,DQN,DQN,0.0,100.0,0.0,0.0,1.0,,73.6,40000.0,1:17:52,4015.0,0.0,1721.0,0.0,1721.0,1257.0,0:00:23,0:04:01,DQN,Random,40000.0,4000.0,ONE_HOT,0.0,1.0,1.0,"[32, 32]",0.0,0.0,2.0,1.0,0.0,-1.0,-2.0,-,2020-10-30T16:31:05,1:21:54
,,,,,,,,,,,,,,,,,,,,,,,,,,,,,,,,,,,,,,
2500.0,DQN,Random,98.04,1.96,0.0,0.0,1.98,99.02,66.95,40000.0,1:16:51,4017.0,70.0,1629.0,23.0,212.0,1308.0,0:00:43,0:03:53,DQN,Random,40000.0,4000.0,ONE_HOT,0.0,1.0,1.0,"[32, 32]",0.0,0.0,2.0,1.0,0.0,-1.0,-2.0,-,2020-10-30T17:53:01,1:20:44
2500.0,Random,DQN,86.84,6.8,6.36,0.0,1.74,83.88,66.95,40000.0,1:16:51,4017.0,79.0,1708.0,45.0,624.0,1308.0,0:00:44,0:03:53,DQN,Random,40000.0,4000.0,ONE_HOT,0.0,1.0,1.0,"[32, 32]",0.0,0.0,2.0,1.0,0.0,-1.0,-2.0,-,2020-10-30T17:53:01,1:20:44
2500.0,DQN,MinMax,0.0,100.0,0.0,0.0,1.0,100.0,66.95,40000.0,1:16:51,4017.0,0.0,1708.0,13.0,64.0,1308.0,0:01:11,0:03:53,DQN,Random,40000.0,4000.0,ONE_HOT,0.0,1.0,1.0,"[32, 32]",0.0,0.0,2.0,1.0,0.0,-1.0,-2.0,-,2020-10-30T17:53:01,1:20:44
2500.0,MinMax,DQN,0.0,42.44,57.56,0.0,-0.15,-15.12,66.95,40000.0,1:16:51,4017.0,0.0,1708.0,40.0,408.0,1308.0,0:00:50,0:03:53,DQN,Random,40000.0,4000.0,ONE_HOT,0.0,1.0,1.0,"[32, 32]",0.0,0.0,2.0,1.0,0.0,-1.0,-2.0,-,2020-10-30T17:53:01,1:20:44
500.0,DQN,DQN,0.0,100.0,0.0,0.0,1.0,,66.95,40000.0,1:16:51,4017.0,0.0,1708.0,0.0,1708.0,1308.0,0:00:23,0:03:53,DQN,Random,40000.0,4000.0,ONE_HOT,0.0,1.0,1.0,"[32, 32]",0.0,0.0,2.0,1.0,0.0,-1.0,-2.0,-,2020-10-30T17:53:01,1:20:44
,,,,,,,,,,,,,,,,,,,,,,,,,,,,,,,,,,,,,,
2500.0,DQN,Random,98.28,1.12,0.6,0.0,1.97,98.24,82.0,32000.0,1:01:15,3932.0,32.0,1338.0,13.0,208.0,1131.0,0:00:45,0:03:53,DQN,Random,40000.0,4000.0,ONE_HOT,0.0,1.0,1.0,"[32, 32]",0.0,0.0,2.0,1.0,0.0,-1.0,-2.0,-,2020-10-30T19:13:47,1:21:50
2500.0,Random,DQN,89.4,6.84,3.76,0.0,1.82,89.06,82.0,32000.0,1:01:15,3932.0,20.0,1358.0,14.0,493.0,1131.0,0:00:43,0:03:53,DQN,Random,40000.0,4000.0,ONE_HOT,0.0,1.0,1.0,"[32, 32]",0.0,0.0,2.0,1.0,0.0,-1.0,-2.0,-,2020-10-30T19:13:47,1:21:50
2500.0,DQN,MinMax,0.0,100.0,0.0,0.0,1.0,100.0,82.0,32000.0,1:01:15,3932.0,0.0,1358.0,1.0,72.0,1131.0,0:01:09,0:03:53,DQN,Random,40000.0,4000.0,ONE_HOT,0.0,1.0,1.0,"[32, 32]",0.0,0.0,2.0,1.0,0.0,-1.0,-2.0,-,2020-10-30T19:13:47,1:21:50
2500.0,MinMax,DQN,0.0,70.36,29.64,0.0,0.41,40.72,82.0,32000.0,1:01:15,3932.0,0.0,1358.0,18.0,358.0,1131.0,0:00:52,0:03:53,DQN,Random,40000.0,4000.0,ONE_HOT,0.0,1.0,1.0,"[32, 32]",0.0,0.0,2.0,1.0,0.0,-1.0,-2.0,-,2020-10-30T19:13:47,1:21:50
500.0,DQN,DQN,0.0,100.0,0.0,0.0,1.0,,82.0,32000.0,1:01:15,3932.0,0.0,1358.0,0.0,1358.0,1131.0,0:00:21,0:03:53,DQN,Random,40000.0,4000.0,ONE_HOT,0.0,1.0,1.0,"[32, 32]",0.0,0.0,2.0,1.0,0.0,-1.0,-2.0,-,2020-10-30T19:13:47,1:21:50
,,,,,,,,,,,,,,,,,,,,,,,,,,,,,,,,,,,,,,
,,,,,,,,,76.64000000000001,38.51276,,,,,,,,,,,,,,,,,,,,,,,,,,,,
,,,,,,,,,,,,,,,,,,,,,,,,,,,,,,,,,,,,,,
,,,,,,,,,,,,,,,,,,,,,,,,,,,,,,,,,,,,,,
logs_server/logs/5_DQN_MinMax_OneHot_80,,,,,,,,,,,,,,,,,,,,,,,,,,,,,,,,,,,,,,
,,,,,,,,,,,,,,,,,,,,,,,,,,,,,,,,,,,,,,
,,,,,,,,,,,,,,,,,,,,,,,,,,,,,,,,,,,,,,
2500.0,DQN,Random,71.28,26.64,2.08,0.0,1.67,82.52,82.49,32000.0,1:21:24,1399.0,35.0,1597.0,21.0,405.0,1438.0,0:01:04,0:04:35,DQN,MinMax,40000.0,4000.0,ONE_HOT,0.0,1.0,1.0,"[32, 32]",0.0,0.0,2.0,1.0,0.0,-1.0,-2.0,-,2020-10-30T23:10:48,1:48:44
2500.0,Random,DQN,26.72,63.04,9.68,0.56,1.06,47.44,82.49,32000.0,1:21:24,1399.0,12.0,1609.0,11.0,609.0,1438.0,0:00:56,0:04:35,DQN,MinMax,40000.0,4000.0,ONE_HOT,0.0,1.0,1.0,"[32, 32]",0.0,0.0,2.0,1.0,0.0,-1.0,-2.0,-,2020-10-30T23:10:48,1:48:44
2500.0,DQN,MinMax,0.0,100.0,0.0,0.0,1.0,100.0,82.49,32000.0,1:21:24,1399.0,0.0,1609.0,6.0,98.0,1438.0,0:01:11,0:04:35,DQN,MinMax,40000.0,4000.0,ONE_HOT,0.0,1.0,1.0,"[32, 32]",0.0,0.0,2.0,1.0,0.0,-1.0,-2.0,-,2020-10-30T23:10:48,1:48:44
2500.0,MinMax,DQN,0.0,100.0,0.0,0.0,1.0,100.0,82.49,32000.0,1:21:24,1399.0,0.0,1609.0,3.0,326.0,1438.0,0:00:59,0:04:35,DQN,MinMax,40000.0,4000.0,ONE_HOT,0.0,1.0,1.0,"[32, 32]",0.0,0.0,2.0,1.0,0.0,-1.0,-2.0,-,2020-10-30T23:10:48,1:48:44
500.0,DQN,DQN,0.0,100.0,0.0,0.0,1.0,,82.49,32000.0,1:21:24,1399.0,0.0,1609.0,0.0,1609.0,1438.0,0:00:23,0:04:35,DQN,MinMax,40000.0,4000.0,ONE_HOT,0.0,1.0,1.0,"[32, 32]",0.0,0.0,2.0,1.0,0.0,-1.0,-2.0,-,2020-10-30T23:10:48,1:48:44
,,,,,,,,,,,,,,,,,,,,,,,,,,,,,,,,,,,,,,
2500.0,DQN,Random,66.92,28.76,4.32,0.0,1.58,76.98,79.5,12000.0,0:24:09,1385.0,187.0,1331.0,96.0,291.0,1266.0,0:01:04,0:04:33,DQN,MinMax,40000.0,4000.0,ONE_HOT,0.0,1.0,1.0,"[32, 32]",0.0,0.0,2.0,1.0,0.0,-1.0,-2.0,-,2020-10-31T00:59:34,1:48:17
2500.0,Random,DQN,25.92,59.44,14.64,0.0,0.97,41.0,79.5,12000.0,0:24:09,1385.0,91.0,1422.0,62.0,594.0,1266.0,0:00:55,0:04:33,DQN,MinMax,40000.0,4000.0,ONE_HOT,0.0,1.0,1.0,"[32, 32]",0.0,0.0,2.0,1.0,0.0,-1.0,-2.0,-,2020-10-31T00:59:34,1:48:17
2500.0,DQN,MinMax,0.0,100.0,0.0,0.0,1.0,100.0,79.5,12000.0,0:24:09,1385.0,0.0,1422.0,22.0,50.0,1266.0,0:01:11,0:04:33,DQN,MinMax,40000.0,4000.0,ONE_HOT,0.0,1.0,1.0,"[32, 32]",0.0,0.0,2.0,1.0,0.0,-1.0,-2.0,-,2020-10-31T00:59:34,1:48:17
2500.0,MinMax,DQN,0.0,100.0,0.0,0.0,1.0,100.0,79.5,12000.0,0:24:09,1385.0,0.0,1422.0,35.0,331.0,1266.0,0:00:59,0:04:33,DQN,MinMax,40000.0,4000.0,ONE_HOT,0.0,1.0,1.0,"[32, 32]",0.0,0.0,2.0,1.0,0.0,-1.0,-2.0,-,2020-10-31T00:59:34,1:48:17
500.0,DQN,DQN,0.0,100.0,0.0,0.0,1.0,,79.5,12000.0,0:24:09,1385.0,0.0,1422.0,0.0,1422.0,1266.0,0:00:23,0:04:33,DQN,MinMax,40000.0,4000.0,ONE_HOT,0.0,1.0,1.0,"[32, 32]",0.0,0.0,2.0,1.0,0.0,-1.0,-2.0,-,2020-10-31T00:59:34,1:48:17
,,,,,,,,,,,,,,,,,,,,,,,,,,,,,,,,,,,,,,
2500.0,DQN,Random,68.64,27.12,3.0,1.24,1.59,76.72,79.78,20000.0,0:47:24,1340.0,85.0,1186.0,44.0,283.0,1100.0,0:01:02,0:04:35,DQN,MinMax,40000.0,4000.0,ONE_HOT,0.0,1.0,1.0,"[32, 32]",0.0,0.0,2.0,1.0,0.0,-1.0,-2.0,-,2020-10-31T02:47:52,1:49:03
2500.0,Random,DQN,27.28,58.68,13.84,0.2,0.99,42.38,79.78,20000.0,0:47:24,1340.0,7.0,1193.0,17.0,503.0,1100.0,0:00:56,0:04:35,DQN,MinMax,40000.0,4000.0,ONE_HOT,0.0,1.0,1.0,"[32, 32]",0.0,0.0,2.0,1.0,0.0,-1.0,-2.0,-,2020-10-31T02:47:52,1:49:03
2500.0,DQN,MinMax,0.0,100.0,0.0,0.0,1.0,100.0,79.78,20000.0,0:47:24,1340.0,0.0,1193.0,17.0,55.0,1100.0,0:01:12,0:04:35,DQN,MinMax,40000.0,4000.0,ONE_HOT,0.0,1.0,1.0,"[32, 32]",0.0,0.0,2.0,1.0,0.0,-1.0,-2.0,-,2020-10-31T02:47:52,1:49:03
2500.0,MinMax,DQN,0.0,100.0,0.0,0.0,1.0,100.0,79.78,20000.0,0:47:24,1340.0,0.0,1193.0,3.0,259.0,1100.0,0:01:00,0:04:35,DQN,MinMax,40000.0,4000.0,ONE_HOT,0.0,1.0,1.0,"[32, 32]",0.0,0.0,2.0,1.0,0.0,-1.0,-2.0,-,2020-10-31T02:47:52,1:49:03
500.0,DQN,DQN,0.0,100.0,0.0,0.0,1.0,,79.78,20000.0,0:47:24,1340.0,0.0,1193.0,0.0,1193.0,1100.0,0:00:23,0:04:35,DQN,MinMax,40000.0,4000.0,ONE_HOT,0.0,1.0,1.0,"[32, 32]",0.0,0.0,2.0,1.0,0.0,-1.0,-2.0,-,2020-10-31T02:47:52,1:49:03
,,,,,,,,,,,,,,,,,,,,,,,,,,,,,,,,,,,,,,
2500.0,DQN,Random,72.24,25.96,0.92,0.88,1.68,82.54,84.59,32000.0,1:20:51,1417.0,36.0,2005.0,23.0,550.0,1688.0,0:01:03,0:04:34,DQN,MinMax,40000.0,4000.0,ONE_HOT,0.0,1.0,1.0,"[32, 32]",0.0,0.0,2.0,1.0,0.0,-1.0,-2.0,-,2020-10-31T04:36:57,1:48:10
2500.0,Random,DQN,39.96,51.56,7.04,1.44,1.22,55.82,84.59,32000.0,1:20:51,1417.0,3.0,2008.0,2.0,686.0,1688.0,0:00:55,0:04:34,DQN,MinMax,40000.0,4000.0,ONE_HOT,0.0,1.0,1.0,"[32, 32]",0.0,0.0,2.0,1.0,0.0,-1.0,-2.0,-,2020-10-31T04:36:57,1:48:10
2500.0,DQN,MinMax,0.0,100.0,0.0,0.0,1.0,100.0,84.59,32000.0,1:20:51,1417.0,0.0,2008.0,7.0,75.0,1688.0,0:01:11,0:04:34,DQN,MinMax,40000.0,4000.0,ONE_HOT,0.0,1.0,1.0,"[32, 32]",0.0,0.0,2.0,1.0,0.0,-1.0,-2.0,-,2020-10-31T04:36:57,1:48:10
2500.0,MinMax,DQN,0.0,100.0,0.0,0.0,1.0,100.0,84.59,32000.0,1:20:51,1417.0,0.0,2008.0,3.0,377.0,1688.0,0:00:59,0:04:34,DQN,MinMax,40000.0,4000.0,ONE_HOT,0.0,1.0,1.0,"[32, 32]",0.0,0.0,2.0,1.0,0.0,-1.0,-2.0,-,2020-10-31T04:36:57,1:48:10
500.0,DQN,DQN,0.0,100.0,0.0,0.0,1.0,,84.59,32000.0,1:20:51,1417.0,0.0,2008.0,0.0,2008.0,1688.0,0:00:24,0:04:34,DQN,MinMax,40000.0,4000.0,ONE_HOT,0.0,1.0,1.0,"[32, 32]",0.0,0.0,2.0,1.0,0.0,-1.0,-2.0,-,2020-10-31T04:36:57,1:48:10
,,,,,,,,,,,,,,,,,,,,,,,,,,,,,,,,,,,,,,
2500.0,DQN,Random,65.72,25.88,3.0,5.4,1.44,64.86,76.94,16000.0,0:35:47,1350.0,36.0,1127.0,23.0,243.0,1029.0,0:01:04,0:04:38,DQN,MinMax,40000.0,4000.0,ONE_HOT,0.0,1.0,1.0,"[32, 32]",0.0,0.0,2.0,1.0,0.0,-1.0,-2.0,-,2020-10-31T06:25:09,1:48:42
2500.0,Random,DQN,28.6,57.12,14.28,0.0,1.0,42.88,76.94,16000.0,0:35:47,1350.0,27.0,1154.0,20.0,494.0,1029.0,0:00:56,0:04:38,DQN,MinMax,40000.0,4000.0,ONE_HOT,0.0,1.0,1.0,"[32, 32]",0.0,0.0,2.0,1.0,0.0,-1.0,-2.0,-,2020-10-31T06:25:09,1:48:42
2500.0,DQN,MinMax,0.0,100.0,0.0,0.0,1.0,100.0,76.94,16000.0,0:35:47,1350.0,0.0,1154.0,12.0,41.0,1029.0,0:01:12,0:04:38,DQN,MinMax,40000.0,4000.0,ONE_HOT,0.0,1.0,1.0,"[32, 32]",0.0,0.0,2.0,1.0,0.0,-1.0,-2.0,-,2020-10-31T06:25:09,1:48:42
2500.0,MinMax,DQN,0.0,100.0,0.0,0.0,1.0,100.0,76.94,16000.0,0:35:47,1350.0,0.0,1154.0,16.0,251.0,1029.0,0:01:00,0:04:38,DQN,MinMax,40000.0,4000.0,ONE_HOT,0.0,1.0,1.0,"[32, 32]",0.0,0.0,2.0,1.0,0.0,-1.0,-2.0,-,2020-10-31T06:25:09,1:48:42
500.0,DQN,DQN,0.0,100.0,0.0,0.0,1.0,,76.94,16000.0,0:35:47,1350.0,0.0,1154.0,0.0,1154.0,1029.0,0:00:23,0:04:38,DQN,MinMax,40000.0,4000.0,ONE_HOT,0.0,1.0,1.0,"[32, 32]",0.0,0.0,2.0,1.0,0.0,-1.0,-2.0,-,2020-10-31T06:25:09,1:48:42
,,,,,,,,,,,,,,,,,,,,,,,,,,,,,,,,,,,,,,
,,,,,,,,,80.66,6.950440000000005,,,,,,,,,,,,,,,,,,,,,,,,,,,,
,,,,,,,,,,,,,,,,,,,,,,,,,,,,,,,,,,,,,,
,,,,,,,,,,,,,,,,,,,,,,,,,,,,,,,,,,,,,,
logs_server/logs/6_DQN_MinMax_2D_85,,,,,,,,,,,,,,,,,,,,,,,,,,,,,,,,,,,,,,
,,,,,,,,,,,,,,,,,,,,,,,,,,,,,,,,,,,,,,
,,,,,,,,,,,,,,,,,,,,,,,,,,,,,,,,,,,,,,
2500.0,DQN,Random,79.48,18.32,1.44,0.76,1.74,85.68,85.48,24000.0,1:02:20,1405.0,23.0,1461.0,11.0,349.0,1205.0,0:01:10,0:05:12,DQN,MinMax,40000.0,4000.0,2D,0.0,1.0,1.0,"[64, 32, 32]",3.0,SAME,2.0,1.0,0.0,-1.0,-2.0,-,2020-10-30T04:51:32,1:55:54
2500.0,Random,DQN,35.52,57.12,6.88,0.48,1.2,56.24,85.48,24000.0,1:02:20,1405.0,18.0,1479.0,17.0,507.0,1205.0,0:01:03,0:05:12,DQN,MinMax,40000.0,4000.0,2D,0.0,1.0,1.0,"[64, 32, 32]",3.0,SAME,2.0,1.0,0.0,-1.0,-2.0,-,2020-10-30T04:51:32,1:55:54
2500.0,DQN,MinMax,0.0,100.0,0.0,0.0,1.0,100.0,85.48,24000.0,1:02:20,1405.0,0.0,1479.0,8.0,54.0,1205.0,0:01:22,0:05:12,DQN,MinMax,40000.0,4000.0,2D,0.0,1.0,1.0,"[64, 32, 32]",3.0,SAME,2.0,1.0,0.0,-1.0,-2.0,-,2020-10-30T04:51:32,1:55:54
2500.0,MinMax,DQN,0.0,100.0,0.0,0.0,1.0,100.0,85.48,24000.0,1:02:20,1405.0,0.0,1479.0,10.0,295.0,1205.0,0:01:08,0:05:12,DQN,MinMax,40000.0,4000.0,2D,0.0,1.0,1.0,"[64, 32, 32]",3.0,SAME,2.0,1.0,0.0,-1.0,-2.0,-,2020-10-30T04:51:32,1:55:54
500.0,DQN,DQN,0.0,100.0,0.0,0.0,1.0,,85.48,24000.0,1:02:20,1405.0,0.0,1479.0,0.0,1479.0,1205.0,0:00:28,0:05:12,DQN,MinMax,40000.0,4000.0,2D,0.0,1.0,1.0,"[64, 32, 32]",3.0,SAME,2.0,1.0,0.0,-1.0,-2.0,-,2020-10-30T04:51:32,1:55:54
,,,,,,,,,,,,,,,,,,,,,,,,,,,,,,,,,,,,,,
2500.0,DQN,Random,77.44,19.64,1.8,1.12,1.7,83.22,86.03,8000.0,0:14:45,1325.0,107.0,805.0,45.0,149.0,739.0,0:01:06,0:05:16,DQN,MinMax,40000.0,4000.0,2D,0.0,1.0,1.0,"[64, 32, 32]",3.0,SAME,2.0,1.0,0.0,-1.0,-2.0,-,2020-10-30T06:47:28,1:56:09
2500.0,Random,DQN,39.92,54.04,6.04,0.0,1.28,60.9,86.03,8000.0,0:14:45,1325.0,108.0,913.0,64.0,360.0,739.0,0:01:03,0:05:16,DQN,MinMax,40000.0,4000.0,2D,0.0,1.0,1.0,"[64, 32, 32]",3.0,SAME,2.0,1.0,0.0,-1.0,-2.0,-,2020-10-30T06:47:28,1:56:09
2500.0,DQN,MinMax,0.0,100.0,0.0,0.0,1.0,100.0,86.03,8000.0,0:14:45,1325.0,0.0,913.0,7.0,22.0,739.0,0:01:26,0:05:16,DQN,MinMax,40000.0,4000.0,2D,0.0,1.0,1.0,"[64, 32, 32]",3.0,SAME,2.0,1.0,0.0,-1.0,-2.0,-,2020-10-30T06:47:28,1:56:09
2500.0,MinMax,DQN,0.0,100.0,0.0,0.0,1.0,100.0,86.03,8000.0,0:14:45,1325.0,0.0,913.0,36.0,208.0,739.0,0:01:10,0:05:16,DQN,MinMax,40000.0,4000.0,2D,0.0,1.0,1.0,"[64, 32, 32]",3.0,SAME,2.0,1.0,0.0,-1.0,-2.0,-,2020-10-30T06:47:28,1:56:09
500.0,DQN,DQN,0.0,100.0,0.0,0.0,1.0,,86.03,8000.0,0:14:45,1325.0,0.0,913.0,0.0,913.0,739.0,0:00:28,0:05:16,DQN,MinMax,40000.0,4000.0,2D,0.0,1.0,1.0,"[64, 32, 32]",3.0,SAME,2.0,1.0,0.0,-1.0,-2.0,-,2020-10-30T06:47:28,1:56:09
,,,,,,,,,,,,,,,,,,,,,,,,,,,,,,,,,,,,,,
2500.0,DQN,Random,73.8,22.68,3.52,0.0,1.67,81.62,85.1,12000.0,0:26:16,1350.0,184.0,1098.0,93.0,305.0,883.0,0:01:16,0:05:18,DQN,MinMax,40000.0,4000.0,2D,0.0,1.0,1.0,"[64, 32, 32]",3.0,SAME,2.0,1.0,0.0,-1.0,-2.0,-,2020-10-30T08:43:40,1:56:27
2500.0,Random,DQN,35.6,58.76,5.08,0.56,1.24,58.78,85.1,12000.0,0:26:16,1350.0,16.0,1114.0,22.0,356.0,883.0,0:01:05,0:05:18,DQN,MinMax,40000.0,4000.0,2D,0.0,1.0,1.0,"[64, 32, 32]",3.0,SAME,2.0,1.0,0.0,-1.0,-2.0,-,2020-10-30T08:43:40,1:56:27
2500.0,DQN,MinMax,0.0,100.0,0.0,0.0,1.0,100.0,85.1,12000.0,0:26:16,1350.0,0.0,1114.0,7.0,34.0,883.0,0:01:22,0:05:18,DQN,MinMax,40000.0,4000.0,2D,0.0,1.0,1.0,"[64, 32, 32]",3.0,SAME,2.0,1.0,0.0,-1.0,-2.0,-,2020-10-30T08:43:40,1:56:27
2500.0,MinMax,DQN,0.0,100.0,0.0,0.0,1.0,100.0,85.1,12000.0,0:26:16,1350.0,0.0,1114.0,14.0,188.0,883.0,0:01:07,0:05:18,DQN,MinMax,40000.0,4000.0,2D,0.0,1.0,1.0,"[64, 32, 32]",3.0,SAME,2.0,1.0,0.0,-1.0,-2.0,-,2020-10-30T08:43:40,1:56:27
500.0,DQN,DQN,0.0,100.0,0.0,0.0,1.0,,85.1,12000.0,0:26:16,1350.0,0.0,1114.0,0.0,1114.0,883.0,0:00:27,0:05:18,DQN,MinMax,40000.0,4000.0,2D,0.0,1.0,1.0,"[64, 32, 32]",3.0,SAME,2.0,1.0,0.0,-1.0,-2.0,-,2020-10-30T08:43:40,1:56:27
,,,,,,,,,,,,,,,,,,,,,,,,,,,,,,,,,,,,,,
2500.0,DQN,Random,71.2,26.28,2.52,0.0,1.66,81.82,84.51,24000.0,1:02:16,1407.0,65.0,1512.0,40.0,388.0,1293.0,0:01:12,0:05:19,DQN,MinMax,40000.0,4000.0,2D,0.0,1.0,1.0,"[64, 32, 32]",3.0,SAME,2.0,1.0,0.0,-1.0,-2.0,-,2020-10-30T10:40:09,1:55:58
2500.0,Random,DQN,32.36,61.0,6.64,0.0,1.19,56.22,84.51,24000.0,1:02:16,1407.0,33.0,1545.0,22.0,542.0,1293.0,0:01:03,0:05:19,DQN,MinMax,40000.0,4000.0,2D,0.0,1.0,1.0,"[64, 32, 32]",3.0,SAME,2.0,1.0,0.0,-1.0,-2.0,-,2020-10-30T10:40:09,1:55:58
2500.0,DQN,MinMax,0.0,100.0,0.0,0.0,1.0,100.0,84.51,24000.0,1:02:16,1407.0,0.0,1545.0,14.0,52.0,1293.0,0:01:25,0:05:19,DQN,MinMax,40000.0,4000.0,2D,0.0,1.0,1.0,"[64, 32, 32]",3.0,SAME,2.0,1.0,0.0,-1.0,-2.0,-,2020-10-30T10:40:09,1:55:58
2500.0,MinMax,DQN,0.0,100.0,0.0,0.0,1.0,100.0,84.51,24000.0,1:02:16,1407.0,0.0,1545.0,16.0,311.0,1293.0,0:01:09,0:05:19,DQN,MinMax,40000.0,4000.0,2D,0.0,1.0,1.0,"[64, 32, 32]",3.0,SAME,2.0,1.0,0.0,-1.0,-2.0,-,2020-10-30T10:40:09,1:55:58
500.0,DQN,DQN,0.0,100.0,0.0,0.0,1.0,,84.51,24000.0,1:02:16,1407.0,0.0,1545.0,0.0,1545.0,1293.0,0:00:28,0:05:19,DQN,MinMax,40000.0,4000.0,2D,0.0,1.0,1.0,"[64, 32, 32]",3.0,SAME,2.0,1.0,0.0,-1.0,-2.0,-,2020-10-30T10:40:09,1:55:58
,,,,,,,,,,,,,,,,,,,,,,,,,,,,,,,,,,,,,,
2500.0,DQN,Random,75.08,20.04,4.88,0.0,1.65,80.22,85.21,24000.0,1:02:20,1389.0,95.0,1526.0,44.0,361.0,1292.0,0:01:23,0:05:24,DQN,MinMax,40000.0,4000.0,2D,0.0,1.0,1.0,"[64, 32, 32]",3.0,SAME,2.0,1.0,0.0,-1.0,-2.0,-,2020-10-30T12:36:09,1:56:10
2500.0,Random,DQN,35.64,59.56,4.8,0.0,1.26,60.62,85.21,24000.0,1:02:20,1389.0,34.0,1560.0,22.0,544.0,1292.0,0:01:03,0:05:24,DQN,MinMax,40000.0,4000.0,2D,0.0,1.0,1.0,"[64, 32, 32]",3.0,SAME,2.0,1.0,0.0,-1.0,-2.0,-,2020-10-30T12:36:09,1:56:10
2500.0,DQN,MinMax,0.0,100.0,0.0,0.0,1.0,100.0,85.21,24000.0,1:02:20,1389.0,0.0,1560.0,4.0,73.0,1292.0,0:01:22,0:05:24,DQN,MinMax,40000.0,4000.0,2D,0.0,1.0,1.0,"[64, 32, 32]",3.0,SAME,2.0,1.0,0.0,-1.0,-2.0,-,2020-10-30T12:36:09,1:56:10
2500.0,MinMax,DQN,0.0,100.0,0.0,0.0,1.0,100.0,85.21,24000.0,1:02:20,1389.0,1.0,1561.0,17.0,314.0,1292.0,0:01:08,0:05:24,DQN,MinMax,40000.0,4000.0,2D,0.0,1.0,1.0,"[64, 32, 32]",3.0,SAME,2.0,1.0,0.0,-1.0,-2.0,-,2020-10-30T12:36:09,1:56:10
500.0,DQN,DQN,0.0,100.0,0.0,0.0,1.0,,85.21,24000.0,1:02:20,1389.0,0.0,1561.0,0.0,1561.0,1292.0,0:00:26,0:05:24,DQN,MinMax,40000.0,4000.0,2D,0.0,1.0,1.0,"[64, 32, 32]",3.0,SAME,2.0,1.0,0.0,-1.0,-2.0,-,2020-10-30T12:36:09,1:56:10
,,,,,,,,,,,,,,,,,,,,,,,,,,,,,,,,,,,,,,
,,,,,,,,,85.26599999999999,0.24634399999999967,,,,,,,,,,,,,,,,,,,,,,,,,,,,
,,,,,,,,,,,,,,,,,,,,,,,,,,,,,,,,,,,,,,
,,,,,,,,,,,,,,,,,,,,,,,,,,,,,,,,,,,,,,
logs_server/logs/7_DQN_MinMax_2D_0.2_98,,,,,,,,,,,,,,,,,,,,,,,,,,,,,,,,,,,,,,
,,,,,,,,,,,,,,,,,,,,,,,,,,,,,,,,,,,,,,
,,,,,,,,,,,,,,,,,,,,,,,,,,,,,,,,,,,,,,
2500.0,DQN,Random,98.28,1.72,0.0,0.0,1.98,99.14,98.42,40000.0,1:39:08,3363.0,16.0,1543.0,7.0,279.0,1133.0,0:00:50,0:04:20,DQN,MinMax,40000.0,4000.0,2D,0.2,1.0,1.0,"[64, 32, 32]",3.0,SAME,2.0,1.0,0.0,-1.0,-2.0,-,2020-11-01T04:27:56,1:43:29
2500.0,Random,DQN,89.04,10.96,0.0,0.0,1.89,94.52,98.42,40000.0,1:39:08,3363.0,8.0,1551.0,5.0,429.0,1133.0,0:00:47,0:04:20,DQN,MinMax,40000.0,4000.0,2D,0.2,1.0,1.0,"[64, 32, 32]",3.0,SAME,2.0,1.0,0.0,-1.0,-2.0,-,2020-11-01T04:27:56,1:43:29
2500.0,DQN,MinMax,0.0,100.0,0.0,0.0,1.0,100.0,98.42,40000.0,1:39:08,3363.0,0.0,1551.0,4.0,102.0,1133.0,0:01:14,0:04:20,DQN,MinMax,40000.0,4000.0,2D,0.2,1.0,1.0,"[64, 32, 32]",3.0,SAME,2.0,1.0,0.0,-1.0,-2.0,-,2020-11-01T04:27:56,1:43:29
2500.0,MinMax,DQN,0.0,100.0,0.0,0.0,1.0,100.0,98.42,40000.0,1:39:08,3363.0,0.0,1551.0,5.0,323.0,1133.0,0:01:02,0:04:20,DQN,MinMax,40000.0,4000.0,2D,0.2,1.0,1.0,"[64, 32, 32]",3.0,SAME,2.0,1.0,0.0,-1.0,-2.0,-,2020-11-01T04:27:56,1:43:29
500.0,DQN,DQN,0.0,100.0,0.0,0.0,1.0,,98.42,40000.0,1:39:08,3363.0,0.0,1551.0,0.0,1551.0,1133.0,0:00:24,0:04:20,DQN,MinMax,40000.0,4000.0,2D,0.2,1.0,1.0,"[64, 32, 32]",3.0,SAME,2.0,1.0,0.0,-1.0,-2.0,-,2020-11-01T04:27:56,1:43:29
,,,,,,,,,,,,,,,,,,,,,,,,,,,,,,,,,,,,,,
2500.0,DQN,Random,98.0,2.0,0.0,0.0,1.98,99.0,98.54,32000.0,1:17:19,3127.0,35.0,1318.0,14.0,225.0,986.0,0:00:54,0:04:30,DQN,MinMax,40000.0,4000.0,2D,0.2,1.0,1.0,"[64, 32, 32]",3.0,SAME,2.0,1.0,0.0,-1.0,-2.0,-,2020-11-01T06:11:28,1:43:01
2500.0,Random,DQN,90.68,9.2,0.12,0.0,1.9,95.16,98.54,32000.0,1:17:19,3127.0,8.0,1326.0,6.0,398.0,986.0,0:00:52,0:04:30,DQN,MinMax,40000.0,4000.0,2D,0.2,1.0,1.0,"[64, 32, 32]",3.0,SAME,2.0,1.0,0.0,-1.0,-2.0,-,2020-11-01T06:11:28,1:43:01
2500.0,DQN,MinMax,0.0,100.0,0.0,0.0,1.0,100.0,98.54,32000.0,1:17:19,3127.0,0.0,1326.0,6.0,77.0,986.0,0:01:15,0:04:30,DQN,MinMax,40000.0,4000.0,2D,0.2,1.0,1.0,"[64, 32, 32]",3.0,SAME,2.0,1.0,0.0,-1.0,-2.0,-,2020-11-01T06:11:28,1:43:01
2500.0,MinMax,DQN,0.0,100.0,0.0,0.0,1.0,100.0,98.54,32000.0,1:17:19,3127.0,0.0,1326.0,6.0,286.0,986.0,0:01:03,0:04:30,DQN,MinMax,40000.0,4000.0,2D,0.2,1.0,1.0,"[64, 32, 32]",3.0,SAME,2.0,1.0,0.0,-1.0,-2.0,-,2020-11-01T06:11:28,1:43:01
500.0,DQN,DQN,0.0,100.0,0.0,0.0,1.0,,98.54,32000.0,1:17:19,3127.0,0.0,1326.0,0.0,1326.0,986.0,0:00:24,0:04:30,DQN,MinMax,40000.0,4000.0,2D,0.2,1.0,1.0,"[64, 32, 32]",3.0,SAME,2.0,1.0,0.0,-1.0,-2.0,-,2020-11-01T06:11:28,1:43:01
,,,,,,,,,,,,,,,,,,,,,,,,,,,,,,,,,,,,,,
2500.0,DQN,Random,97.44,2.2,0.36,0.0,1.97,98.18,98.44,36000.0,1:28:11,3138.0,9.0,1338.0,9.0,240.0,1019.0,0:00:49,0:04:29,DQN,MinMax,40000.0,4000.0,2D,0.2,1.0,1.0,"[64, 32, 32]",3.0,SAME,2.0,1.0,0.0,-1.0,-2.0,-,2020-11-01T07:54:32,1:43:28
2500.0,Random,DQN,91.12,8.88,0.0,0.0,1.91,95.56,98.44,36000.0,1:28:11,3138.0,0.0,1338.0,0.0,421.0,1019.0,0:00:49,0:04:29,DQN,MinMax,40000.0,4000.0,2D,0.2,1.0,1.0,"[64, 32, 32]",3.0,SAME,2.0,1.0,0.0,-1.0,-2.0,-,2020-11-01T07:54:32,1:43:28
2500.0,DQN,MinMax,0.0,100.0,0.0,0.0,1.0,100.0,98.44,36000.0,1:28:11,3138.0,0.0,1338.0,6.0,76.0,1019.0,0:01:15,0:04:29,DQN,MinMax,40000.0,4000.0,2D,0.2,1.0,1.0,"[64, 32, 32]",3.0,SAME,2.0,1.0,0.0,-1.0,-2.0,-,2020-11-01T07:54:32,1:43:28
2500.0,MinMax,DQN,0.0,100.0,0.0,0.0,1.0,100.0,98.44,36000.0,1:28:11,3138.0,0.0,1338.0,0.0,282.0,1019.0,0:01:08,0:04:29,DQN,MinMax,40000.0,4000.0,2D,0.2,1.0,1.0,"[64, 32, 32]",3.0,SAME,2.0,1.0,0.0,-1.0,-2.0,-,2020-11-01T07:54:32,1:43:28
500.0,DQN,DQN,0.0,100.0,0.0,0.0,1.0,,98.44,36000.0,1:28:11,3138.0,0.0,1338.0,0.0,1338.0,1019.0,0:00:27,0:04:29,DQN,MinMax,40000.0,4000.0,2D,0.2,1.0,1.0,"[64, 32, 32]",3.0,SAME,2.0,1.0,0.0,-1.0,-2.0,-,2020-11-01T07:54:32,1:43:28
,,,,,,,,,,,,,,,,,,,,,,,,,,,,,,,,,,,,,,
2500.0,DQN,Random,97.16,2.84,0.0,0.0,1.97,98.58,98.61,24000.0,0:56:10,3074.0,24.0,1138.0,10.0,178.0,791.0,0:00:48,0:04:18,DQN,MinMax,40000.0,4000.0,2D,0.2,1.0,1.0,"[64, 32, 32]",3.0,SAME,2.0,1.0,0.0,-1.0,-2.0,-,2020-11-01T09:38:02,1:43:14
2500.0,Random,DQN,91.68,8.32,0.0,0.0,1.92,95.84,98.61,24000.0,0:56:10,3074.0,8.0,1146.0,6.0,337.0,791.0,0:00:48,0:04:18,DQN,MinMax,40000.0,4000.0,2D,0.2,1.0,1.0,"[64, 32, 32]",3.0,SAME,2.0,1.0,0.0,-1.0,-2.0,-,2020-11-01T09:38:02,1:43:14
2500.0,DQN,MinMax,0.0,100.0,0.0,0.0,1.0,100.0,98.61,24000.0,0:56:10,3074.0,0.0,1146.0,1.0,32.0,791.0,0:01:14,0:04:18,DQN,MinMax,40000.0,4000.0,2D,0.2,1.0,1.0,"[64, 32, 32]",3.0,SAME,2.0,1.0,0.0,-1.0,-2.0,-,2020-11-01T09:38:02,1:43:14
2500.0,MinMax,DQN,0.0,100.0,0.0,0.0,1.0,100.0,98.61,24000.0,0:56:10,3074.0,0.0,1146.0,5.0,244.0,791.0,0:01:02,0:04:18,DQN,MinMax,40000.0,4000.0,2D,0.2,1.0,1.0,"[64, 32, 32]",3.0,SAME,2.0,1.0,0.0,-1.0,-2.0,-,2020-11-01T09:38:02,1:43:14
500.0,DQN,DQN,0.0,100.0,0.0,0.0,1.0,,98.61,24000.0,0:56:10,3074.0,0.0,1146.0,0.0,1146.0,791.0,0:00:24,0:04:18,DQN,MinMax,40000.0,4000.0,2D,0.2,1.0,1.0,"[64, 32, 32]",3.0,SAME,2.0,1.0,0.0,-1.0,-2.0,-,2020-11-01T09:38:02,1:43:14
,,,,,,,,,,,,,,,,,,,,,,,,,,,,,,,,,,,,,,
2500.0,DQN,Random,98.6,1.4,0.0,0.0,1.99,99.3,98.41,28000.0,1:06:34,3351.0,42.0,1397.0,19.0,215.0,1077.0,0:00:52,0:04:30,DQN,MinMax,40000.0,4000.0,2D,0.2,1.0,1.0,"[64, 32, 32]",3.0,SAME,2.0,1.0,0.0,-1.0,-2.0,-,2020-11-01T11:21:18,1:43:04
2500.0,Random,DQN,89.72,9.92,0.36,0.0,1.89,94.32,98.41,28000.0,1:06:34,3351.0,47.0,1444.0,17.0,490.0,1077.0,0:00:53,0:04:30,DQN,MinMax,40000.0,4000.0,2D,0.2,1.0,1.0,"[64, 32, 32]",3.0,SAME,2.0,1.0,0.0,-1.0,-2.0,-,2020-11-01T11:21:18,1:43:04
2500.0,DQN,MinMax,0.0,100.0,0.0,0.0,1.0,100.0,98.41,28000.0,1:06:34,3351.0,0.0,1444.0,10.0,72.0,1077.0,0:01:15,0:04:30,DQN,MinMax,40000.0,4000.0,2D,0.2,1.0,1.0,"[64, 32, 32]",3.0,SAME,2.0,1.0,0.0,-1.0,-2.0,-,2020-11-01T11:21:18,1:43:04
2500.0,MinMax,DQN,0.0,100.0,0.0,0.0,1.0,100.0,98.41,28000.0,1:06:34,3351.0,0.0,1444.0,15.0,300.0,1077.0,0:01:04,0:04:30,DQN,MinMax,40000.0,4000.0,2D,0.2,1.0,1.0,"[64, 32, 32]",3.0,SAME,2.0,1.0,0.0,-1.0,-2.0,-,2020-11-01T11:21:18,1:43:04
500.0,DQN,DQN,0.0,100.0,0.0,0.0,1.0,,98.41,28000.0,1:06:34,3351.0,0.0,1444.0,0.0,1444.0,1077.0,0:00:24,0:04:30,DQN,MinMax,40000.0,4000.0,2D,0.2,1.0,1.0,"[64, 32, 32]",3.0,SAME,2.0,1.0,0.0,-1.0,-2.0,-,2020-11-01T11:21:18,1:43:04
,,,,,,,,,,,,,,,,,,,,,,,,,,,,,,,,,,,,,,
,,,,,,,,,98.48400000000001,0.006104000000000208,,,,,,,,,,,,,,,,,,,,,,,,,,,,
,,,,,,,,,,,,,,,,,,,,,,,,,,,,,,,,,,,,,,
,,,,,,,,,,,,,,,,,,,,,,,,,,,,,,,,,,,,,,
logs_server/logs/8_DQN_Self_2D_0.0_93,,,,,,,,,,,,,,,,,,,,,,,,,,,,,,,,,,,,,,
,,,,,,,,,,,,,,,,,,,,,,,,,,,,,,,,,,,,,,
,,,,,,,,,,,,,,,,,,,,,,,,,,,,,,,,,,,,,,
2500.0,DQN,Random,95.88,4.12,0.0,0.0,1.96,97.94,97.2,20000.0,0:47:47,3449.0,94.0,1698.0,32.0,210.0,1245.0,0:00:57,0:04:41,DQN,Self,40000.0,4000.0,2D,0.0,1.0,1.0,"[64, 32, 32]",3.0,SAME,2.0,1.0,0.0,-1.0,-2.0,-,2020-10-31T19:06:49,1:53:38
2500.0,Random,DQN,82.24,17.6,0.16,0.0,1.82,90.88,97.2,20000.0,0:47:47,3449.0,36.0,1734.0,27.0,613.0,1245.0,0:00:55,0:04:41,DQN,Self,40000.0,4000.0,2D,0.0,1.0,1.0,"[64, 32, 32]",3.0,SAME,2.0,1.0,0.0,-1.0,-2.0,-,2020-10-31T19:06:49,1:53:38
2500.0,DQN,MinMax,0.0,100.0,0.0,0.0,1.0,100.0,97.2,20000.0,0:47:47,3449.0,0.0,1734.0,8.0,67.0,1245.0,0:01:20,0:04:41,DQN,Self,40000.0,4000.0,2D,0.0,1.0,1.0,"[64, 32, 32]",3.0,SAME,2.0,1.0,0.0,-1.0,-2.0,-,2020-10-31T19:06:49,1:53:38
2500.0,MinMax,DQN,0.0,100.0,0.0,0.0,1.0,100.0,97.2,20000.0,0:47:47,3449.0,0.0,1734.0,22.0,355.0,1245.0,0:01:03,0:04:41,DQN,Self,40000.0,4000.0,2D,0.0,1.0,1.0,"[64, 32, 32]",3.0,SAME,2.0,1.0,0.0,-1.0,-2.0,-,2020-10-31T19:06:49,1:53:38
500.0,DQN,DQN,0.0,100.0,0.0,0.0,1.0,,97.2,20000.0,0:47:47,3449.0,0.0,1734.0,0.0,1734.0,1245.0,0:00:24,0:04:41,DQN,Self,40000.0,4000.0,2D,0.0,1.0,1.0,"[64, 32, 32]",3.0,SAME,2.0,1.0,0.0,-1.0,-2.0,-,2020-10-31T19:06:49,1:53:38
,,,,,,,,,,,,,,,,,,,,,,,,,,,,,,,,,,,,,,
2500.0,DQN,Random,88.16,10.8,0.44,0.6,1.85,91.92,85.56,36000.0,1:36:29,3600.0,15.0,2171.0,9.0,342.0,1733.0,0:01:00,0:04:39,DQN,Self,40000.0,4000.0,2D,0.0,1.0,1.0,"[64, 32, 32]",3.0,SAME,2.0,1.0,0.0,-1.0,-2.0,-,2020-10-31T21:00:30,1:53:24
2500.0,Random,DQN,67.92,28.52,3.56,0.0,1.61,78.62,85.56,36000.0,1:36:29,3600.0,28.0,2199.0,35.0,773.0,1733.0,0:00:54,0:04:39,DQN,Self,40000.0,4000.0,2D,0.0,1.0,1.0,"[64, 32, 32]",3.0,SAME,2.0,1.0,0.0,-1.0,-2.0,-,2020-10-31T21:00:30,1:53:24
2500.0,DQN,MinMax,0.0,100.0,0.0,0.0,1.0,100.0,85.56,36000.0,1:36:29,3600.0,0.0,2199.0,2.0,98.0,1733.0,0:01:16,0:04:39,DQN,Self,40000.0,4000.0,2D,0.0,1.0,1.0,"[64, 32, 32]",3.0,SAME,2.0,1.0,0.0,-1.0,-2.0,-,2020-10-31T21:00:30,1:53:24
2500.0,MinMax,DQN,0.0,85.84,14.16,0.0,0.72,71.68,85.56,36000.0,1:36:29,3600.0,0.0,2199.0,18.0,520.0,1733.0,0:01:02,0:04:39,DQN,Self,40000.0,4000.0,2D,0.0,1.0,1.0,"[64, 32, 32]",3.0,SAME,2.0,1.0,0.0,-1.0,-2.0,-,2020-10-31T21:00:30,1:53:24
500.0,DQN,DQN,0.0,100.0,0.0,0.0,1.0,,85.56,36000.0,1:36:29,3600.0,0.0,2199.0,0.0,2199.0,1733.0,0:00:25,0:04:39,DQN,Self,40000.0,4000.0,2D,0.0,1.0,1.0,"[64, 32, 32]",3.0,SAME,2.0,1.0,0.0,-1.0,-2.0,-,2020-10-31T21:00:30,1:53:24
,,,,,,,,,,,,,,,,,,,,,,,,,,,,,,,,,,,,,,
2500.0,DQN,Random,92.36,6.96,0.68,0.0,1.91,95.16,92.1,28000.0,1:11:56,3478.0,38.0,1881.0,20.0,281.0,1454.0,0:00:57,0:04:49,DQN,Self,40000.0,4000.0,2D,0.0,1.0,1.0,"[64, 32, 32]",3.0,SAME,2.0,1.0,0.0,-1.0,-2.0,-,2020-10-31T22:53:56,1:52:58
2500.0,Random,DQN,78.8,19.72,1.4,0.08,1.76,87.1,92.1,28000.0,1:11:56,3478.0,45.0,1926.0,35.0,646.0,1454.0,0:00:57,0:04:49,DQN,Self,40000.0,4000.0,2D,0.0,1.0,1.0,"[64, 32, 32]",3.0,SAME,2.0,1.0,0.0,-1.0,-2.0,-,2020-10-31T22:53:56,1:52:58
2500.0,DQN,MinMax,0.0,100.0,0.0,0.0,1.0,100.0,92.1,28000.0,1:11:56,3478.0,0.0,1926.0,5.0,90.0,1454.0,0:01:23,0:04:49,DQN,Self,40000.0,4000.0,2D,0.0,1.0,1.0,"[64, 32, 32]",3.0,SAME,2.0,1.0,0.0,-1.0,-2.0,-,2020-10-31T22:53:56,1:52:58
2500.0,MinMax,DQN,0.0,93.08,6.92,0.0,0.86,86.16,92.1,28000.0,1:11:56,3478.0,2.0,1928.0,31.0,437.0,1454.0,0:01:06,0:04:49,DQN,Self,40000.0,4000.0,2D,0.0,1.0,1.0,"[64, 32, 32]",3.0,SAME,2.0,1.0,0.0,-1.0,-2.0,-,2020-10-31T22:53:56,1:52:58
500.0,DQN,DQN,0.0,100.0,0.0,0.0,1.0,,92.1,28000.0,1:11:56,3478.0,0.0,1928.0,0.0,1928.0,1454.0,0:00:24,0:04:49,DQN,Self,40000.0,4000.0,2D,0.0,1.0,1.0,"[64, 32, 32]",3.0,SAME,2.0,1.0,0.0,-1.0,-2.0,-,2020-10-31T22:53:56,1:52:58
,,,,,,,,,,,,,,,,,,,,,,,,,,,,,,,,,,,,,,
2500.0,DQN,Random,91.68,8.32,0.0,0.0,1.92,95.84,96.43,20000.0,0:48:22,3544.0,64.0,1634.0,29.0,205.0,1188.0,0:01:03,0:04:53,DQN,Self,40000.0,4000.0,2D,0.0,1.0,1.0,"[64, 32, 32]",3.0,SAME,2.0,1.0,0.0,-1.0,-2.0,-,2020-11-01T00:46:57,1:53:55
2500.0,Random,DQN,79.76,20.24,0.0,0.0,1.8,89.88,96.43,20000.0,0:48:22,3544.0,28.0,1662.0,24.0,587.0,1188.0,0:00:56,0:04:53,DQN,Self,40000.0,4000.0,2D,0.0,1.0,1.0,"[64, 32, 32]",3.0,SAME,2.0,1.0,0.0,-1.0,-2.0,-,2020-11-01T00:46:57,1:53:55
2500.0,DQN,MinMax,0.0,100.0,0.0,0.0,1.0,100.0,96.43,20000.0,0:48:22,3544.0,0.0,1662.0,12.0,60.0,1188.0,0:01:23,0:04:53,DQN,Self,40000.0,4000.0,2D,0.0,1.0,1.0,"[64, 32, 32]",3.0,SAME,2.0,1.0,0.0,-1.0,-2.0,-,2020-11-01T00:46:57,1:53:55
2500.0,MinMax,DQN,0.0,100.0,0.0,0.0,1.0,100.0,96.43,20000.0,0:48:22,3544.0,0.0,1662.0,20.0,336.0,1188.0,0:01:04,0:04:53,DQN,Self,40000.0,4000.0,2D,0.0,1.0,1.0,"[64, 32, 32]",3.0,SAME,2.0,1.0,0.0,-1.0,-2.0,-,2020-11-01T00:46:57,1:53:55
500.0,DQN,DQN,0.0,100.0,0.0,0.0,1.0,,96.43,20000.0,0:48:22,3544.0,0.0,1662.0,0.0,1662.0,1188.0,0:00:25,0:04:53,DQN,Self,40000.0,4000.0,2D,0.0,1.0,1.0,"[64, 32, 32]",3.0,SAME,2.0,1.0,0.0,-1.0,-2.0,-,2020-11-01T00:46:57,1:53:55
,,,,,,,,,,,,,,,,,,,,,,,,,,,,,,,,,,,,,,
2500.0,DQN,Random,95.0,4.76,0.24,0.0,1.95,97.14,93.33,16000.0,0:36:01,3360.0,117.0,1437.0,39.0,189.0,1060.0,0:00:58,0:04:40,DQN,Self,40000.0,4000.0,2D,0.0,1.0,1.0,"[64, 32, 32]",3.0,SAME,2.0,1.0,0.0,-1.0,-2.0,-,2020-11-01T02:40:53,1:53:26
2500.0,Random,DQN,78.28,20.88,0.84,0.0,1.77,87.88,93.33,16000.0,0:36:01,3360.0,141.0,1578.0,75.0,529.0,1060.0,0:00:54,0:04:40,DQN,Self,40000.0,4000.0,2D,0.0,1.0,1.0,"[64, 32, 32]",3.0,SAME,2.0,1.0,0.0,-1.0,-2.0,-,2020-11-01T02:40:53,1:53:26
2500.0,DQN,MinMax,0.0,100.0,0.0,0.0,1.0,100.0,93.33,16000.0,0:36:01,3360.0,0.0,1578.0,13.0,40.0,1060.0,0:01:17,0:04:40,DQN,Self,40000.0,4000.0,2D,0.0,1.0,1.0,"[64, 32, 32]",3.0,SAME,2.0,1.0,0.0,-1.0,-2.0,-,2020-11-01T02:40:53,1:53:26
2500.0,MinMax,DQN,0.0,94.16,5.84,0.0,0.88,88.32,93.33,16000.0,0:36:01,3360.0,0.0,1578.0,78.0,302.0,1060.0,0:01:03,0:04:40,DQN,Self,40000.0,4000.0,2D,0.0,1.0,1.0,"[64, 32, 32]",3.0,SAME,2.0,1.0,0.0,-1.0,-2.0,-,2020-11-01T02:40:53,1:53:26
500.0,DQN,DQN,0.0,100.0,0.0,0.0,1.0,,93.33,16000.0,0:36:01,3360.0,0.0,1578.0,0.0,1578.0,1060.0,0:00:25,0:04:40,DQN,Self,40000.0,4000.0,2D,0.0,1.0,1.0,"[64, 32, 32]",3.0,SAME,2.0,1.0,0.0,-1.0,-2.0,-,2020-11-01T02:40:53,1:53:26
,,,,,,,,,,,,,,,,,,,,,,,,,,,,,,,,,,,,,,
,,,,,,,,,92.924,17.129704000000007,,,,,,,,,,,,,,,,,,,,,,,,,,,,
,,,,,,,,,,,,,,,,,,,,,,,,,,,,,,,,,,,,,,
,,,,,,,,,,,,,,,,,,,,,,,,,,,,,,,,,,,,,,
logs_server/logs/9_DQN_Self_2D_0.2_98,,,,,,,,,,,,,,,,,,,,,,,,,,,,,,,,,,,,,,
,,,,,,,,,,,,,,,,,,,,,,,,,,,,,,,,,,,,,,
,,,,,,,,,,,,,,,,,,,,,,,,,,,,,,,,,,,,,,
2500.0,DQN,Random,98.36,1.08,0.56,0.0,1.97,98.34,98.06,40000.0,1:44:11,3951.0,56.0,1833.0,20.0,281.0,1288.0,0:00:49,0:04:26,DQN,Self,40000.0,4000.0,2D,0.2,1.0,1.0,"[64, 32, 32]",3.0,SAME,2.0,1.0,0.0,-1.0,-2.0,-,2020-11-01T04:34:22,1:48:38
2500.0,Random,DQN,87.84,12.16,0.0,0.0,1.88,93.92,98.06,40000.0,1:44:11,3951.0,15.0,1848.0,6.0,568.0,1288.0,0:00:50,0:04:26,DQN,Self,40000.0,4000.0,2D,0.2,1.0,1.0,"[64, 32, 32]",3.0,SAME,2.0,1.0,0.0,-1.0,-2.0,-,2020-11-01T04:34:22,1:48:38
2500.0,DQN,MinMax,0.0,100.0,0.0,0.0,1.0,100.0,98.06,40000.0,1:44:11,3951.0,0.0,1848.0,9.0,79.0,1288.0,0:01:17,0:04:26,DQN,Self,40000.0,4000.0,2D,0.2,1.0,1.0,"[64, 32, 32]",3.0,SAME,2.0,1.0,0.0,-1.0,-2.0,-,2020-11-01T04:34:22,1:48:38
2500.0,MinMax,DQN,0.0,100.0,0.0,0.0,1.0,100.0,98.06,40000.0,1:44:11,3951.0,0.0,1848.0,6.0,360.0,1288.0,0:01:04,0:04:26,DQN,Self,40000.0,4000.0,2D,0.2,1.0,1.0,"[64, 32, 32]",3.0,SAME,2.0,1.0,0.0,-1.0,-2.0,-,2020-11-01T04:34:22,1:48:38
500.0,DQN,DQN,0.0,100.0,0.0,0.0,1.0,,98.06,40000.0,1:44:11,3951.0,0.0,1848.0,0.0,1848.0,1288.0,0:00:24,0:04:26,DQN,Self,40000.0,4000.0,2D,0.2,1.0,1.0,"[64, 32, 32]",3.0,SAME,2.0,1.0,0.0,-1.0,-2.0,-,2020-11-01T04:34:22,1:48:38
,,,,,,,,,,,,,,,,,,,,,,,,,,,,,,,,,,,,,,
2500.0,DQN,Random,98.92,1.08,0.0,0.0,1.99,99.46,98.65,20000.0,0:46:40,3810.0,47.0,1589.0,16.0,182.0,1118.0,0:00:56,0:04:44,DQN,Self,40000.0,4000.0,2D,0.2,1.0,1.0,"[64, 32, 32]",3.0,SAME,2.0,1.0,0.0,-1.0,-2.0,-,2020-11-01T06:23:02,1:48:19
2500.0,Random,DQN,90.28,9.72,0.0,0.0,1.9,95.14,98.65,20000.0,0:46:40,3810.0,15.0,1604.0,11.0,562.0,1118.0,0:00:54,0:04:44,DQN,Self,40000.0,4000.0,2D,0.2,1.0,1.0,"[64, 32, 32]",3.0,SAME,2.0,1.0,0.0,-1.0,-2.0,-,2020-11-01T06:23:02,1:48:19
2500.0,DQN,MinMax,0.0,100.0,0.0,0.0,1.0,100.0,98.65,20000.0,0:46:40,3810.0,0.0,1604.0,3.0,31.0,1118.0,0:01:24,0:04:44,DQN,Self,40000.0,4000.0,2D,0.2,1.0,1.0,"[64, 32, 32]",3.0,SAME,2.0,1.0,0.0,-1.0,-2.0,-,2020-11-01T06:23:02,1:48:19
2500.0,MinMax,DQN,0.0,100.0,0.0,0.0,1.0,100.0,98.65,20000.0,0:46:40,3810.0,0.0,1604.0,11.0,343.0,1118.0,0:01:04,0:04:44,DQN,Self,40000.0,4000.0,2D,0.2,1.0,1.0,"[64, 32, 32]",3.0,SAME,2.0,1.0,0.0,-1.0,-2.0,-,2020-11-01T06:23:02,1:48:19
500.0,DQN,DQN,0.0,100.0,0.0,0.0,1.0,,98.65,20000.0,0:46:40,3810.0,0.0,1604.0,0.0,1604.0,1118.0,0:00:24,0:04:44,DQN,Self,40000.0,4000.0,2D,0.2,1.0,1.0,"[64, 32, 32]",3.0,SAME,2.0,1.0,0.0,-1.0,-2.0,-,2020-11-01T06:23:02,1:48:19
,,,,,,,,,,,,,,,,,,,,,,,,,,,,,,,,,,,,,,
2500.0,DQN,Random,98.36,1.64,0.0,0.0,1.98,99.18,98.64,40000.0,1:42:49,3920.0,10.0,2223.0,8.0,321.0,1566.0,0:00:55,0:04:48,DQN,Self,40000.0,4000.0,2D,0.2,1.0,1.0,"[64, 32, 32]",3.0,SAME,2.0,1.0,0.0,-1.0,-2.0,-,2020-11-01T08:11:24,1:47:38
2500.0,Random,DQN,90.8,9.2,0.0,0.0,1.91,95.4,98.64,40000.0,1:42:49,3920.0,0.0,2223.0,2.0,710.0,1566.0,0:00:54,0:04:48,DQN,Self,40000.0,4000.0,2D,0.2,1.0,1.0,"[64, 32, 32]",3.0,SAME,2.0,1.0,0.0,-1.0,-2.0,-,2020-11-01T08:11:24,1:47:38
2500.0,DQN,MinMax,0.0,100.0,0.0,0.0,1.0,100.0,98.64,40000.0,1:42:49,3920.0,0.0,2223.0,4.0,101.0,1566.0,0:01:24,0:04:48,DQN,Self,40000.0,4000.0,2D,0.2,1.0,1.0,"[64, 32, 32]",3.0,SAME,2.0,1.0,0.0,-1.0,-2.0,-,2020-11-01T08:11:24,1:47:38
2500.0,MinMax,DQN,0.0,100.0,0.0,0.0,1.0,100.0,98.64,40000.0,1:42:49,3920.0,0.0,2223.0,6.0,434.0,1566.0,0:01:08,0:04:48,DQN,Self,40000.0,4000.0,2D,0.2,1.0,1.0,"[64, 32, 32]",3.0,SAME,2.0,1.0,0.0,-1.0,-2.0,-,2020-11-01T08:11:24,1:47:38
500.0,DQN,DQN,0.0,100.0,0.0,0.0,1.0,,98.64,40000.0,1:42:49,3920.0,0.0,2223.0,0.0,2223.0,1566.0,0:00:24,0:04:48,DQN,Self,40000.0,4000.0,2D,0.2,1.0,1.0,"[64, 32, 32]",3.0,SAME,2.0,1.0,0.0,-1.0,-2.0,-,2020-11-01T08:11:24,1:47:38
,,,,,,,,,,,,,,,,,,,,,,,,,,,,,,,,,,,,,,
2500.0,DQN,Random,96.48,3.52,0.0,0.0,1.96,98.24,98.0,24000.0,0:57:49,3913.0,37.0,1758.0,16.0,236.0,1218.0,0:00:50,0:04:24,DQN,Self,40000.0,4000.0,2D,0.2,1.0,1.0,"[64, 32, 32]",3.0,SAME,2.0,1.0,0.0,-1.0,-2.0,-,2020-11-01T09:59:03,1:47:45
2500.0,Random,DQN,88.08,11.72,0.2,0.0,1.88,93.74,98.0,24000.0,0:57:49,3913.0,17.0,1775.0,9.0,570.0,1218.0,0:00:49,0:04:24,DQN,Self,40000.0,4000.0,2D,0.2,1.0,1.0,"[64, 32, 32]",3.0,SAME,2.0,1.0,0.0,-1.0,-2.0,-,2020-11-01T09:59:03,1:47:45
2500.0,DQN,MinMax,0.0,100.0,0.0,0.0,1.0,100.0,98.0,24000.0,0:57:49,3913.0,0.0,1775.0,6.0,69.0,1218.0,0:01:15,0:04:24,DQN,Self,40000.0,4000.0,2D,0.2,1.0,1.0,"[64, 32, 32]",3.0,SAME,2.0,1.0,0.0,-1.0,-2.0,-,2020-11-01T09:59:03,1:47:45
2500.0,MinMax,DQN,0.0,100.0,0.0,0.0,1.0,100.0,98.0,24000.0,0:57:49,3913.0,0.0,1775.0,4.0,343.0,1218.0,0:01:03,0:04:24,DQN,Self,40000.0,4000.0,2D,0.2,1.0,1.0,"[64, 32, 32]",3.0,SAME,2.0,1.0,0.0,-1.0,-2.0,-,2020-11-01T09:59:03,1:47:45
500.0,DQN,DQN,0.0,100.0,0.0,0.0,1.0,,98.0,24000.0,0:57:49,3913.0,0.0,1775.0,0.0,1775.0,1218.0,0:00:24,0:04:24,DQN,Self,40000.0,4000.0,2D,0.2,1.0,1.0,"[64, 32, 32]",3.0,SAME,2.0,1.0,0.0,-1.0,-2.0,-,2020-11-01T09:59:03,1:47:45
,,,,,,,,,,,,,,,,,,,,,,,,,,,,,,,,,,,,,,
2500.0,DQN,Random,98.96,1.04,0.0,0.0,1.99,99.48,98.48,40000.0,1:43:16,3973.0,37.0,2005.0,12.0,296.0,1411.0,0:00:48,0:04:35,DQN,Self,40000.0,4000.0,2D,0.2,1.0,1.0,"[64, 32, 32]",3.0,SAME,2.0,1.0,0.0,-1.0,-2.0,-,2020-11-01T11:46:50,1:47:51
2500.0,Random,DQN,90.72,9.16,0.12,0.0,1.9,95.18,98.48,40000.0,1:43:16,3973.0,5.0,2010.0,4.0,623.0,1411.0,0:00:50,0:04:35,DQN,Self,40000.0,4000.0,2D,0.2,1.0,1.0,"[64, 32, 32]",3.0,SAME,2.0,1.0,0.0,-1.0,-2.0,-,2020-11-01T11:46:50,1:47:51
2500.0,DQN,MinMax,0.0,100.0,0.0,0.0,1.0,100.0,98.48,40000.0,1:43:16,3973.0,0.0,2010.0,4.0,104.0,1411.0,0:01:16,0:04:35,DQN,Self,40000.0,4000.0,2D,0.2,1.0,1.0,"[64, 32, 32]",3.0,SAME,2.0,1.0,0.0,-1.0,-2.0,-,2020-11-01T11:46:50,1:47:51
2500.0,MinMax,DQN,0.0,99.64,0.36,0.0,0.99,99.28,98.48,40000.0,1:43:16,3973.0,0.0,2010.0,3.0,388.0,1411.0,0:01:11,0:04:35,DQN,Self,40000.0,4000.0,2D,0.2,1.0,1.0,"[64, 32, 32]",3.0,SAME,2.0,1.0,0.0,-1.0,-2.0,-,2020-11-01T11:46:50,1:47:51
500.0,DQN,DQN,0.0,100.0,0.0,0.0,1.0,,98.48,40000.0,1:43:16,3973.0,0.0,2010.0,0.0,2010.0,1411.0,0:00:28,0:04:35,DQN,Self,40000.0,4000.0,2D,0.2,1.0,1.0,"[64, 32, 32]",3.0,SAME,2.0,1.0,0.0,-1.0,-2.0,-,2020-11-01T11:46:50,1:47:51
,,,,,,,,,,,,,,,,,,,,,,,,,,,,,,,,,,,,,,
,,,,,,,,,98.366,0.07926400000000061,,,,,,,,,,,,,,,,,,,,,,,,,,,,
,,,,,,,,,,,,,,,,,,,,,,,,,,,,,,,,,,,,,,
